recordingId,trackId,frame,trackLifetime,xCenter,yCenter,heading,width,length,xVelocity,yVelocity,xAcceleration,yAcceleration,lonVelocity,latVelocity,lonAcceleration,latAcceleration,class,egoTrackId,ego_xCenter,ego_yCenter,ego_xVelocity,ego_yVelocity,ego_lonVelocity,ego_latVelocity,ego_heading,ego_speed_mps,ego_speed_kph,rel_x_to_ego,rel_y_to_ego,rel_vx_to_ego,rel_vy_to_ego,rel_speed_to_ego,distance_to_ego,is_ego,event_id,is_primary_actor,event_peak_frame,event_start_frame,event_end_frame,pair_type,risk_score_peak,event_min_ttc,event_min_dcpa,event_min_distance,dist_threshold_used,ttc_threshold_used,dcpa_threshold_used,min_rel_speed_threshold_used,ego_speed_mps_peak,ego_speed_kph_peak
8,564,23450,968,57.3834,-51.5064,317.5014,3.4122,18.2947,2.8073,-3.1288,0.4718,-0.9912,4.1836,0.4103,1.0175,0.4121,truck,592,,,,,,,,,,,,,,,,0,08_564_592_23525_ego_592,1,23525,23525,23534,vehicle_vehicle,0.3394406330054984,2.0610712860884606,1.2080383056262824,12.111757991307456,15.0,3.0,3.5,0.8,1.93534677254491,6.967248381161676
8,564,23451,969,57.4917,-51.6387,317.1714,3.4122,18.2947,2.8316,-3.1651,0.4985,-0.9717,4.2283,0.3963,1.0261,0.3738,truck,592,,,,,,,,,,,,,,,,0,08_564_592_23525_ego_592,1,23525,23525,23534,vehicle_vehicle,0.3394406330054984,2.0610712860884606,1.2080383056262824,12.111757991307456,15.0,3.0,3.5,0.8,1.93534677254491,6.967248381161676
8,564,23452,970,57.605,-51.7678,316.845,3.4122,18.2947,2.8571,-3.1999,0.5197,-0.9559,4.2729,0.3802,1.0329,0.3419,truck,592,,,,,,,,,,,,,,,,0,08_564_592_23525_ego_592,1,23525,23525,23534,vehicle_vehicle,0.3394406330054984,2.0610712860884606,1.2080383056262824,12.111757991307456,15.0,3.0,3.5,0.8,1.93534677254491,6.967248381161676
8,564,23453,971,57.7204,-51.8966,316.5233,3.4122,18.2947,2.8832,-3.234,0.5354,-0.9442,4.3174,0.363,1.0382,0.3167,truck,592,,,,,,,,,,,,,,,,0,08_564_592_23525_ego_592,1,23525,23525,23534,vehicle_vehicle,0.3394406330054984,2.0610712860884606,1.2080383056262824,12.111757991307456,15.0,3.0,3.5,0.8,1.93534677254491,6.967248381161676
8,564,23454,972,57.8391,-52.0237,316.2068,3.4122,18.2947,2.9087,-3.2689,0.5466,-0.936,4.3619,0.3467,1.0423,0.2974,truck,592,,,,,,,,,,,,,,,,0,08_564_592_23525_ego_592,1,23525,23525,23534,vehicle_vehicle,0.3394406330054984,2.0610712860884606,1.2080383056262824,12.111757991307456,15.0,3.0,3.5,0.8,1.93534677254491,6.967248381161676
8,564,23455,973,57.9521,-52.16,315.8949,3.4122,18.2947,2.9362,-3.3016,0.5528,-0.9316,4.4062,0.3272,1.0453,0.2842,truck,592,,,,,,,,,,,,,,,,0,08_564_592_23525_ego_592,1,23525,23525,23534,vehicle_vehicle,0.3394406330054984,2.0610712860884606,1.2080383056262824,12.111757991307456,15.0,3.0,3.5,0.8,1.93534677254491,6.967248381161676
8,564,23456,974,58.0687,-52.2943,315.589,3.4122,18.2947,2.9644,-3.3334,0.5532,-0.9323,4.4503,0.3067,1.0476,0.2789,truck,592,,,,,,,,,,,,,,,,0,08_564_592_23525_ego_592,1,23525,23525,23534,vehicle_vehicle,0.3394406330054984,2.0610712860884606,1.2080383056262824,12.111757991307456,15.0,3.0,3.5,0.8,1.93534677254491,6.967248381161676
8,564,23457,975,58.188,-52.4279,315.2895,3.4122,18.2947,2.9925,-3.3655,0.5475,-0.9383,4.4944,0.2865,1.0492,0.2817,truck,592,,,,,,,,,,,,,,,,0,08_564_592_23525_ego_592,1,23525,23525,23534,vehicle_vehicle,0.3394406330054984,2.0610712860884606,1.2080383056262824,12.111757991307456,15.0,3.0,3.5,0.8,1.93534677254491,6.967248381161676
8,564,23458,976,58.3118,-52.5589,314.995,3.4122,18.2947,3.019,-3.3996,0.5365,-0.9487,4.5387,0.2687,1.0502,0.2914,truck,592,,,,,,,,,,,,,,,,0,08_564_592_23525_ego_592,1,23525,23525,23534,vehicle_vehicle,0.3394406330054984,2.0610712860884606,1.2080383056262824,12.111757991307456,15.0,3.0,3.5,0.8,1.93534677254491,6.967248381161676
8,564,23459,977,58.4382,-52.6892,314.7041,3.4122,18.2947,3.0429,-3.4367,0.522,-0.9612,4.5832,0.2547,1.0503,0.3051,truck,592,,,,,,,,,,,,,,,,0,08_564_592_23525_ego_592,1,23525,23525,23534,vehicle_vehicle,0.3394406330054984,2.0610712860884606,1.2080383056262824,12.111757991307456,15.0,3.0,3.5,0.8,1.93534677254491,6.967248381161676
8,564,23460,978,58.5598,-52.8276,314.4148,3.4122,18.2947,3.0665,-3.4742,0.5049,-0.9746,4.6277,0.241,1.0495,0.3214,truck,592,,,,,,,,,,,,,,,,0,08_564_592_23525_ego_592,1,23525,23525,23534,vehicle_vehicle,0.3394406330054984,2.0610712860884606,1.2080383056262824,12.111757991307456,15.0,3.0,3.5,0.8,1.93534677254491,6.967248381161676
8,564,23461,979,58.6849,-52.9645,314.1286,3.4122,18.2947,3.0886,-3.5133,0.4855,-0.9884,4.6723,0.2293,1.0475,0.3397,truck,592,,,,,,,,,,,,,,,,0,08_564_592_23525_ego_592,1,23525,23525,23534,vehicle_vehicle,0.3394406330054984,2.0610712860884606,1.2080383056262824,12.111757991307456,15.0,3.0,3.5,0.8,1.93534677254491,6.967248381161676
8,564,23462,980,58.8132,-53.1008,313.8472,3.4122,18.2947,3.1081,-3.5551,0.4652,-1.001,4.717,0.2212,1.0442,0.358,truck,592,,,,,,,,,,,,,,,,0,08_564_592_23525_ego_592,1,23525,23525,23534,vehicle_vehicle,0.3394406330054984,2.0610712860884606,1.2080383056262824,12.111757991307456,15.0,3.0,3.5,0.8,1.93534677254491,6.967248381161676
8,564,23463,981,58.944,-53.2367,313.5743,3.4122,18.2947,3.1244,-3.6002,0.4459,-1.01,4.7619,0.218,1.0391,0.3731,truck,592,,,,,,,,,,,,,,,,0,08_564_592_23525_ego_592,1,23525,23525,23534,vehicle_vehicle,0.3394406330054984,2.0610712860884606,1.2080383056262824,12.111757991307456,15.0,3.0,3.5,0.8,1.93534677254491,6.967248381161676
8,564,23464,982,59.0719,-53.3784,313.3094,3.4122,18.2947,3.1389,-3.6469,0.4295,-1.0133,4.8068,0.2175,1.0319,0.3825,truck,592,,,,,,,,,,,,,,,,0,08_564_592_23525_ego_592,1,23525,23525,23534,vehicle_vehicle,0.3394406330054984,2.0610712860884606,1.2080383056262824,12.111757991307456,15.0,3.0,3.5,0.8,1.93534677254491,6.967248381161676
8,564,23465,983,59.1977,-53.5252,313.0483,3.4122,18.2947,3.1528,-3.6937,0.4164,-1.0103,4.8514,0.2174,1.0225,0.3854,truck,592,,,,,,,,,,,,,,,,0,08_564_592_23525_ego_592,1,23525,23525,23534,vehicle_vehicle,0.3394406330054984,2.0610712860884606,1.2080383056262824,12.111757991307456,15.0,3.0,3.5,0.8,1.93534677254491,6.967248381161676
8,564,23466,984,59.3212,-53.6774,312.7895,3.4122,18.2947,3.1673,-3.7389,0.406,-1.0018,4.8954,0.2155,1.011,0.3826,truck,592,,,,,,,,,,,,,,,,0,08_564_592_23525_ego_592,1,23525,23525,23534,vehicle_vehicle,0.3394406330054984,2.0610712860884606,1.2080383056262824,12.111757991307456,15.0,3.0,3.5,0.8,1.93534677254491,6.967248381161676
8,564,23467,985,59.4501,-53.8261,312.5398,3.4122,18.2947,3.1806,-3.7844,0.3981,-0.9882,4.9388,0.2151,0.9973,0.3748,truck,592,,,,,,,,,,,,,,,,0,08_564_592_23525_ego_592,1,23525,23525,23534,vehicle_vehicle,0.3394406330054984,2.0610712860884606,1.2080383056262824,12.111757991307456,15.0,3.0,3.5,0.8,1.93534677254491,6.967248381161676
8,564,23468,986,59.5777,-53.9785,312.2987,3.4122,18.2947,3.1937,-3.8293,0.3931,-0.9692,4.9816,0.2149,0.9814,0.3615,truck,592,,,,,,,,,,,,,,,,0,08_564_592_23525_ego_592,1,23525,23525,23534,vehicle_vehicle,0.3394406330054984,2.0610712860884606,1.2080383056262824,12.111757991307456,15.0,3.0,3.5,0.8,1.93534677254491,6.967248381161676
8,564,23469,987,59.7049,-54.1344,312.0666,3.4122,18.2947,3.2068,-3.8726,0.3909,-0.9452,5.0235,0.214,0.9636,0.3431,truck,592,,,,,,,,,,,,,,,,0,08_564_592_23525_ego_592,1,23525,23525,23534,vehicle_vehicle,0.3394406330054984,2.0610712860884606,1.2080383056262824,12.111757991307456,15.0,3.0,3.5,0.8,1.93534677254491,6.967248381161676
8,564,23470,988,59.8324,-54.2924,311.8402,3.4122,18.2947,3.2203,-3.9141,0.391,-0.9171,5.0641,0.2117,0.944,0.3205,truck,592,,,,,,,,,,,,,,,,0,08_564_592_23525_ego_592,1,23525,23525,23534,vehicle_vehicle,0.3394406330054984,2.0610712860884606,1.2080383056262824,12.111757991307456,15.0,3.0,3.5,0.8,1.93534677254491,6.967248381161676
8,564,23471,989,59.9579,-54.4549,311.6161,3.4122,18.2947,3.2353,-3.9523,0.3925,-0.8864,5.1035,0.2062,0.9233,0.2952,truck,592,,,,,,,,,,,,,,,,0,08_564_592_23525_ego_592,1,23525,23525,23534,vehicle_vehicle,0.3394406330054984,2.0610712860884606,1.2080383056262824,12.111757991307456,15.0,3.0,3.5,0.8,1.93534677254491,6.967248381161676
8,564,23472,990,60.0845,-54.6178,311.3975,3.4122,18.2947,3.2515,-3.9877,0.3941,-0.8549,5.1415,0.1979,0.9019,0.2697,truck,592,,,,,,,,,,,,,,,,0,08_564_592_23525_ego_592,1,23525,23525,23534,vehicle_vehicle,0.3394406330054984,2.0610712860884606,1.2080383056262824,12.111757991307456,15.0,3.0,3.5,0.8,1.93534677254491,6.967248381161676
8,564,23473,991,60.2128,-54.7806,311.1846,3.4122,18.2947,3.2687,-4.0208,0.3947,-0.8241,5.1784,0.1876,0.8801,0.2456,truck,592,,,,,,,,,,,,,,,,0,08_564_592_23525_ego_592,1,23525,23525,23534,vehicle_vehicle,0.3394406330054984,2.0610712860884606,1.2080383056262824,12.111757991307456,15.0,3.0,3.5,0.8,1.93534677254491,6.967248381161676
8,564,23474,992,60.3437,-54.9426,310.9768,3.4122,18.2947,3.2859,-4.0524,0.3938,-0.7945,5.2142,0.1766,0.8581,0.2236,truck,592,,,,,,,,,,,,,,,,0,08_564_592_23525_ego_592,1,23525,23525,23534,vehicle_vehicle,0.3394406330054984,2.0610712860884606,1.2080383056262824,12.111757991307456,15.0,3.0,3.5,0.8,1.93534677254491,6.967248381161676
8,564,23475,993,60.4776,-55.103,310.7758,3.4122,18.2947,3.3023,-4.0838,0.392,-0.7657,5.2493,0.1664,0.8358,0.2032,truck,592,,,,,,,,,,,,,,,,0,08_564_592_23525_ego_592,1,23525,23525,23534,vehicle_vehicle,0.3394406330054984,2.0610712860884606,1.2080383056262824,12.111757991307456,15.0,3.0,3.5,0.8,1.93534677254491,6.967248381161676
8,564,23476,994,60.6142,-55.2625,310.5857,3.4122,18.2947,3.3169,-4.1158,0.3904,-0.7364,5.2836,0.1587,0.8132,0.1827,truck,592,,,,,,,,,,,,,,,,0,08_564_592_23525_ego_592,1,23525,23525,23534,vehicle_vehicle,0.3394406330054984,2.0610712860884606,1.2080383056262824,12.111757991307456,15.0,3.0,3.5,0.8,1.93534677254491,6.967248381161676
8,564,23477,995,60.75,-55.4249,310.4072,3.4122,18.2947,3.3303,-4.1478,0.3904,-0.7052,5.3171,0.1528,0.79,0.1599,truck,592,,,,,,,,,,,,,,,,0,08_564_592_23525_ego_592,1,23525,23525,23534,vehicle_vehicle,0.3394406330054984,2.0610712860884606,1.2080383056262824,12.111757991307456,15.0,3.0,3.5,0.8,1.93534677254491,6.967248381161676
8,564,23478,996,60.8849,-55.5895,310.2538,3.4122,18.2947,3.3432,-4.1793,0.3928,-0.6711,5.3499,0.149,0.766,0.1339,truck,592,,,,,,,,,,,,,,,,0,08_564_592_23525_ego_592,1,23525,23525,23534,vehicle_vehicle,0.3394406330054984,2.0610712860884606,1.2080383056262824,12.111757991307456,15.0,3.0,3.5,0.8,1.93534677254491,6.967248381161676
8,564,23479,997,61.0194,-55.7561,310.1209,3.4122,18.2947,3.356,-4.2099,0.3981,-0.6335,5.3818,0.1466,0.7409,0.1038,truck,592,,,,,,,,,,,,,,,,0,08_564_592_23525_ego_592,1,23525,23525,23534,vehicle_vehicle,0.3394406330054984,2.0610712860884606,1.2080383056262824,12.111757991307456,15.0,3.0,3.5,0.8,1.93534677254491,6.967248381161676
8,564,23480,998,61.154,-55.9249,310.0057,3.4122,18.2947,3.369,-4.239,0.4063,-0.5921,5.4128,0.1445,0.7147,0.0694,truck,592,,,,,,,,,,,,,,,,0,08_564_592_23525_ego_592,1,23525,23525,23534,vehicle_vehicle,0.3394406330054984,2.0610712860884606,1.2080383056262824,12.111757991307456,15.0,3.0,3.5,0.8,1.93534677254491,6.967248381161676
8,564,23481,999,61.2884,-56.0952,309.9052,3.4122,18.2947,3.3826,-4.2663,0.4174,-0.547,5.4427,0.1421,0.6873,0.0307,truck,592,,,,,,,,,,,,,,,,0,08_564_592_23525_ego_592,1,23525,23525,23534,vehicle_vehicle,0.3394406330054984,2.0610712860884606,1.2080383056262824,12.111757991307456,15.0,3.0,3.5,0.8,1.93534677254491,6.967248381161676
8,564,23482,1000,61.4231,-56.2671,309.8229,3.4122,18.2947,3.397,-4.2915,0.4309,-0.4984,5.4715,0.1394,0.6587,-0.0117,truck,592,,,,,,,,,,,,,,,,0,08_564_592_23525_ego_592,1,23525,23525,23534,vehicle_vehicle,0.3394406330054984,2.0610712860884606,1.2080383056262824,12.111757991307456,15.0,3.0,3.5,0.8,1.93534677254491,6.967248381161676
8,564,23483,1001,61.5582,-56.4403,309.7566,3.4122,18.2947,3.4123,-4.3143,0.4465,-0.4467,5.499,0.1358,0.6289,-0.0575,truck,592,,,,,,,,,,,,,,,,0,08_564_592_23525_ego_592,1,23525,23525,23534,vehicle_vehicle,0.3394406330054984,2.0610712860884606,1.2080383056262824,12.111757991307456,15.0,3.0,3.5,0.8,1.93534677254491,6.967248381161676
8,564,23484,1002,61.694,-56.6146,309.705,3.4122,18.2947,3.4288,-4.3345,0.4637,-0.3924,5.5252,0.1312,0.5981,-0.1061,truck,592,,,,,,,,,,,,,,,,0,08_564_592_23525_ego_592,1,23525,23525,23534,vehicle_vehicle,0.3394406330054984,2.0610712860884606,1.2080383056262824,12.111757991307456,15.0,3.0,3.5,0.8,1.93534677254491,6.967248381161676
8,564,23485,1003,61.8304,-56.7898,309.6712,3.4122,18.2947,3.4463,-4.352,0.4821,-0.3361,5.5499,0.1255,0.5664,-0.1566,truck,592,,,,,,,,,,,,,,,,0,08_564_592_23525_ego_592,1,23525,23525,23534,vehicle_vehicle,0.3394406330054984,2.0610712860884606,1.2080383056262824,12.111757991307456,15.0,3.0,3.5,0.8,1.93534677254491,6.967248381161676
8,564,23486,1004,61.9676,-56.9657,309.6553,3.4122,18.2947,3.4651,-4.3665,0.5013,-0.2783,5.5731,0.1188,0.5342,-0.2084,truck,592,,,,,,,,,,,,,,,,0,08_564_592_23525_ego_592,1,23525,23525,23534,vehicle_vehicle,0.3394406330054984,2.0610712860884606,1.2080383056262824,12.111757991307456,15.0,3.0,3.5,0.8,1.93534677254491,6.967248381161676
8,564,23487,1005,62.1055,-57.1422,309.6533,3.4122,18.2947,3.485,-4.3781,0.5209,-0.2198,5.5947,0.1107,0.5016,-0.2608,truck,592,,,,,,,,,,,,,,,,0,08_564_592_23525_ego_592,1,23525,23525,23534,vehicle_vehicle,0.3394406330054984,2.0610712860884606,1.2080383056262824,12.111757991307456,15.0,3.0,3.5,0.8,1.93534677254491,6.967248381161676
8,564,23488,1006,62.2444,-57.3191,309.6675,3.4122,18.2947,3.506,-4.3867,0.5404,-0.1611,5.6147,0.1014,0.469,-0.3132,truck,592,,,,,,,,,,,,,,,,0,08_564_592_23525_ego_592,1,23525,23525,23534,vehicle_vehicle,0.3394406330054984,2.0610712860884606,1.2080383056262824,12.111757991307456,15.0,3.0,3.5,0.8,1.93534677254491,6.967248381161676
8,564,23489,1007,62.3842,-57.496,309.6887,3.4122,18.2947,3.5282,-4.3925,0.5595,-0.1029,5.6333,0.09,0.4365,-0.3649,truck,592,,,,,,,,,,,,,,,,0,08_564_592_23525_ego_592,1,23525,23525,23534,vehicle_vehicle,0.3394406330054984,2.0610712860884606,1.2080383056262824,12.111757991307456,15.0,3.0,3.5,0.8,1.93534677254491,6.967248381161676
8,564,23490,1008,62.5249,-57.673,309.7313,3.4122,18.2947,3.5516,-4.3954,0.5779,-0.0456,5.6504,0.0781,0.4044,-0.4153,truck,592,,,,,,,,,,,,,,,,0,08_564_592_23525_ego_592,1,23525,23525,23534,vehicle_vehicle,0.3394406330054984,2.0610712860884606,1.2080383056262824,12.111757991307456,15.0,3.0,3.5,0.8,1.93534677254491,6.967248381161676
8,564,23491,1009,62.6668,-57.8498,309.7858,3.4122,18.2947,3.5759,-4.3956,0.5952,0.0103,5.6661,0.065,0.3729,-0.4639,truck,592,,,,,,,,,,,,,,,,0,08_564_592_23525_ego_592,1,23525,23525,23534,vehicle_vehicle,0.3394406330054984,2.0610712860884606,1.2080383056262824,12.111757991307456,15.0,3.0,3.5,0.8,1.93534677254491,6.967248381161676
8,564,23492,1010,62.8101,-58.0263,309.8528,3.4122,18.2947,3.601,-4.3934,0.6112,0.0645,5.6803,0.0509,0.3421,-0.5106,truck,592,,,,,,,,,,,,,,,,0,08_564_592_23525_ego_592,1,23525,23525,23534,vehicle_vehicle,0.3394406330054984,2.0610712860884606,1.2080383056262824,12.111757991307456,15.0,3.0,3.5,0.8,1.93534677254491,6.967248381161676
8,564,23493,1011,62.9547,-58.2025,309.9345,3.4122,18.2947,3.6267,-4.3887,0.626,0.1168,5.6932,0.0363,0.3123,-0.5549,truck,592,,,,,,,,,,,,,,,,0,08_564_592_23525_ego_592,1,23525,23525,23534,vehicle_vehicle,0.3394406330054984,2.0610712860884606,1.2080383056262824,12.111757991307456,15.0,3.0,3.5,0.8,1.93534677254491,6.967248381161676
8,564,23494,1012,63.1002,-58.3786,310.0324,3.4122,18.2947,3.653,-4.3818,0.6395,0.1669,5.7047,0.0214,0.2836,-0.597,truck,592,,,,,,,,,,,,,,,,0,08_564_592_23525_ego_592,1,23525,23525,23534,vehicle_vehicle,0.3394406330054984,2.0610712860884606,1.2080383056262824,12.111757991307456,15.0,3.0,3.5,0.8,1.93534677254491,6.967248381161676
8,564,23495,1013,63.247,-58.5541,310.1482,3.4122,18.2947,3.6798,-4.3726,0.6517,0.2145,5.715,0.0066,0.2562,-0.6365,truck,592,,,,,,,,,,,,,,,,0,08_564_592_23525_ego_592,1,23525,23525,23534,vehicle_vehicle,0.3394406330054984,2.0610712860884606,1.2080383056262824,12.111757991307456,15.0,3.0,3.5,0.8,1.93534677254491,6.967248381161676
8,564,23496,1014,63.395,-58.7291,310.2734,3.4122,18.2947,3.707,-4.3615,0.6628,0.2597,5.724,-0.0089,0.2303,-0.6736,truck,592,,,,,,,,,,,,,,,,0,08_564_592_23525_ego_592,1,23525,23525,23534,vehicle_vehicle,0.3394406330054984,2.0610712860884606,1.2080383056262824,12.111757991307456,15.0,3.0,3.5,0.8,1.93534677254491,6.967248381161676
8,564,23497,1015,63.5442,-58.9032,310.4057,3.4122,18.2947,3.7344,-4.3486,0.6728,0.3024,5.732,-0.0249,0.2059,-0.7083,truck,592,,,,,,,,,,,,,,,,0,08_564_592_23525_ego_592,1,23525,23525,23534,vehicle_vehicle,0.3394406330054984,2.0610712860884606,1.2080383056262824,12.111757991307456,15.0,3.0,3.5,0.8,1.93534677254491,6.967248381161676
8,564,23498,1016,63.6943,-59.0766,310.5516,3.4122,18.2947,3.7622,-4.3341,0.682,0.3426,5.7391,-0.0408,0.1831,-0.7409,truck,592,,,,,,,,,,,,,,,,0,08_564_592_23525_ego_592,1,23525,23525,23534,vehicle_vehicle,0.3394406330054984,2.0610712860884606,1.2080383056262824,12.111757991307456,15.0,3.0,3.5,0.8,1.93534677254491,6.967248381161676
8,564,23499,1017,63.8453,-59.2491,310.7083,3.4122,18.2947,3.7903,-4.3183,0.6903,0.3805,5.7455,-0.0568,0.1618,-0.7715,truck,592,,,,,,,,,,,,,,,,0,08_564_592_23525_ego_592,1,23525,23525,23534,vehicle_vehicle,0.3394406330054984,2.0610712860884606,1.2080383056262824,12.111757991307456,15.0,3.0,3.5,0.8,1.93534677254491,6.967248381161676
8,564,23500,1018,63.997,-59.4208,310.8727,3.4122,18.2947,3.819,-4.3012,0.6976,0.4165,5.7515,-0.0732,0.1416,-0.8001,truck,592,,,,,,,,,,,,,,,,0,08_564_592_23525_ego_592,1,23525,23525,23534,vehicle_vehicle,0.3394406330054984,2.0610712860884606,1.2080383056262824,12.111757991307456,15.0,3.0,3.5,0.8,1.93534677254491,6.967248381161676
8,564,23501,1019,64.1503,-59.5911,311.0459,3.4122,18.2947,3.848,-4.2833,0.7039,0.4509,5.7572,-0.0894,0.1221,-0.8269,truck,592,,,,,,,,,,,,,,,,0,08_564_592_23525_ego_592,1,23525,23525,23534,vehicle_vehicle,0.3394406330054984,2.0610712860884606,1.2080383056262824,12.111757991307456,15.0,3.0,3.5,0.8,1.93534677254491,6.967248381161676
8,564,23502,1020,64.3048,-59.761,311.2315,3.4122,18.2947,3.8772,-4.2644,0.709,0.4842,5.7625,-0.1052,0.1032,-0.8524,truck,592,,,,,,,,,,,,,,,,0,08_564_592_23525_ego_592,1,23525,23525,23534,vehicle_vehicle,0.3394406330054984,2.0610712860884606,1.2080383056262824,12.111757991307456,15.0,3.0,3.5,0.8,1.93534677254491,6.967248381161676
8,564,23503,1021,64.4607,-59.931,311.4301,3.4122,18.2947,3.9065,-4.2442,0.7132,0.5167,5.7671,-0.1205,0.0845,-0.8766,truck,592,,,,,,,,,,,,,,,,0,08_564_592_23525_ego_592,1,23525,23525,23534,vehicle_vehicle,0.3394406330054984,2.0610712860884606,1.2080383056262824,12.111757991307456,15.0,3.0,3.5,0.8,1.93534677254491,6.967248381161676
8,564,23504,1022,64.6176,-60.1002,311.6419,3.4122,18.2947,3.936,-4.2228,0.7165,0.5485,5.7711,-0.1354,0.0662,-0.8999,truck,592,,,,,,,,,,,,,,,,0,08_564_592_23525_ego_592,1,23525,23525,23534,vehicle_vehicle,0.3394406330054984,2.0610712860884606,1.2080383056262824,12.111757991307456,15.0,3.0,3.5,0.8,1.93534677254491,6.967248381161676
8,564,23505,1023,64.7756,-60.2682,311.8644,3.4122,18.2947,3.9656,-4.2004,0.7188,0.5796,5.7746,-0.1501,0.0481,-0.9221,truck,592,,,,,,,,,,,,,,,,0,08_564_592_23525_ego_592,1,23525,23525,23534,vehicle_vehicle,0.3394406330054984,2.0610712860884606,1.2080383056262824,12.111757991307456,15.0,3.0,3.5,0.8,1.93534677254491,6.967248381161676
8,564,23506,1024,64.9342,-60.4357,312.1031,3.4122,18.2947,3.9955,-4.1767,0.72,0.6102,5.7777,-0.1641,0.03,-0.9433,truck,592,,,,,,,,,,,,,,,,0,08_564_592_23525_ego_592,1,23525,23525,23534,vehicle_vehicle,0.3394406330054984,2.0610712860884606,1.2080383056262824,12.111757991307456,15.0,3.0,3.5,0.8,1.93534677254491,6.967248381161676
8,564,23507,1025,65.0941,-60.602,312.3533,3.4122,18.2947,4.0257,-4.1519,0.72,0.6403,5.7803,-0.1779,0.0119,-0.9635,truck,592,,,,,,,,,,,,,,,,0,08_564_592_23525_ego_592,1,23525,23525,23534,vehicle_vehicle,0.3394406330054984,2.0610712860884606,1.2080383056262824,12.111757991307456,15.0,3.0,3.5,0.8,1.93534677254491,6.967248381161676
8,564,23508,1026,65.2557,-60.7672,312.6135,3.4122,18.2947,4.0559,-4.126,0.7186,0.6701,5.7825,-0.1914,-0.0066,-0.9826,truck,592,,,,,,,,,,,,,,,,0,08_564_592_23525_ego_592,1,23525,23525,23534,vehicle_vehicle,0.3394406330054984,2.0610712860884606,1.2080383056262824,12.111757991307456,15.0,3.0,3.5,0.8,1.93534677254491,6.967248381161676
8,564,23509,1027,65.4187,-60.9313,312.8836,3.4122,18.2947,4.0859,-4.0991,0.7159,0.6998,5.7841,-0.2044,-0.0256,-1.0007,truck,592,,,,,,,,,,,,,,,,0,08_564_592_23525_ego_592,1,23525,23525,23534,vehicle_vehicle,0.3394406330054984,2.0610712860884606,1.2080383056262824,12.111757991307456,15.0,3.0,3.5,0.8,1.93534677254491,6.967248381161676
8,564,23510,1028,65.5832,-61.0943,313.1646,3.4122,18.2947,4.1157,-4.0712,0.7119,0.7294,5.785,-0.2169,-0.045,-1.0182,truck,592,,,,,,,,,,,,,,,,0,08_564_592_23525_ego_592,1,23525,23525,23534,vehicle_vehicle,0.3394406330054984,2.0610712860884606,1.2080383056262824,12.111757991307456,15.0,3.0,3.5,0.8,1.93534677254491,6.967248381161676
8,564,23511,1029,65.7487,-61.2566,313.4557,3.4122,18.2947,4.1452,-4.0421,0.7069,0.7591,5.7852,-0.2289,-0.0648,-1.0352,truck,592,,,,,,,,,,,,,,,,0,08_564_592_23525_ego_592,1,23525,23525,23534,vehicle_vehicle,0.3394406330054984,2.0610712860884606,1.2080383056262824,12.111757991307456,15.0,3.0,3.5,0.8,1.93534677254491,6.967248381161676
8,564,23512,1030,65.9156,-61.4179,313.7539,3.4122,18.2947,4.1742,-4.0117,0.7009,0.7888,5.7844,-0.2408,-0.085,-1.0518,truck,592,,,,,,,,,,,,,,,,0,08_564_592_23525_ego_592,1,23525,23525,23534,vehicle_vehicle,0.3394406330054984,2.0610712860884606,1.2080383056262824,12.111757991307456,15.0,3.0,3.5,0.8,1.93534677254491,6.967248381161676
8,564,23513,1031,66.0827,-61.5771,314.0614,3.4122,18.2947,4.2032,-3.9803,0.6941,0.8186,5.7833,-0.2524,-0.1055,-1.0681,truck,592,,,,,,,,,,,,,,,,0,08_564_592_23525_ego_592,1,23525,23525,23534,vehicle_vehicle,0.3394406330054984,2.0610712860884606,1.2080383056262824,12.111757991307456,15.0,3.0,3.5,0.8,1.93534677254491,6.967248381161676
8,564,23514,1032,66.25,-61.7361,314.3801,3.4122,18.2947,4.2325,-3.9476,0.6861,0.8485,5.7817,-0.264,-0.1266,-1.0838,truck,592,,,,,,,,,,,,,,,,0,08_564_592_23525_ego_592,1,23525,23525,23534,vehicle_vehicle,0.3394406330054984,2.0610712860884606,1.2080383056262824,12.111757991307456,15.0,3.0,3.5,0.8,1.93534677254491,6.967248381161676
8,564,23515,1033,66.4177,-61.8949,314.706,3.4122,18.2947,4.2623,-3.9131,0.6762,0.8782,5.7795,-0.2765,-0.1485,-1.0983,truck,592,,,,,,,,,,,,,,,,0,08_564_592_23525_ego_592,1,23525,23525,23534,vehicle_vehicle,0.3394406330054984,2.0610712860884606,1.2080383056262824,12.111757991307456,15.0,3.0,3.5,0.8,1.93534677254491,6.967248381161676
8,564,23516,1034,66.5879,-62.0518,315.0388,3.4122,18.2947,4.292,-3.877,0.6637,0.907,5.7765,-0.2896,-0.1713,-1.1108,truck,592,,,,,,,,,,,,,,,,0,08_564_592_23525_ego_592,1,23525,23525,23534,vehicle_vehicle,0.3394406330054984,2.0610712860884606,1.2080383056262824,12.111757991307456,15.0,3.0,3.5,0.8,1.93534677254491,6.967248381161676
8,564,23517,1035,66.7602,-62.2064,315.3789,3.4122,18.2947,4.3212,-3.8396,0.6486,0.9348,5.7727,-0.3024,-0.195,-1.1209,truck,592,,,,,,,,,,,,,,,,0,08_564_592_23525_ego_592,1,23525,23525,23534,vehicle_vehicle,0.3394406330054984,2.0610712860884606,1.2080383056262824,12.111757991307456,15.0,3.0,3.5,0.8,1.93534677254491,6.967248381161676
8,564,23518,1036,66.935,-62.3587,315.7282,3.4122,18.2947,4.3492,-3.8013,0.6311,0.9616,5.7677,-0.3142,-0.2194,-1.1291,truck,592,,,,,,,,,,,,,,,,0,08_564_592_23525_ego_592,1,23525,23525,23534,vehicle_vehicle,0.3394406330054984,2.0610712860884606,1.2080383056262824,12.111757991307456,15.0,3.0,3.5,0.8,1.93534677254491,6.967248381161676
8,564,23519,1037,67.1125,-62.5083,316.0852,3.4122,18.2947,4.3753,-3.7626,0.6121,0.9878,5.7616,-0.3242,-0.2442,-1.1362,truck,592,,,,,,,,,,,,,,,,0,08_564_592_23525_ego_592,1,23525,23525,23534,vehicle_vehicle,0.3394406330054984,2.0610712860884606,1.2080383056262824,12.111757991307456,15.0,3.0,3.5,0.8,1.93534677254491,6.967248381161676
8,564,23520,1038,67.2923,-62.6552,316.4504,3.4122,18.2947,4.399,-3.724,0.5931,1.0144,5.754,-0.3317,-0.269,-1.1439,truck,592,,,,,,,,,,,,,,,,0,08_564_592_23525_ego_592,1,23525,23525,23534,vehicle_vehicle,0.3394406330054984,2.0610712860884606,1.2080383056262824,12.111757991307456,15.0,3.0,3.5,0.8,1.93534677254491,6.967248381161676
8,564,23521,1039,67.4731,-62.8004,316.8242,3.4122,18.2947,4.4201,-3.6855,0.5759,1.0425,5.7452,-0.3367,-0.2933,-1.1543,truck,592,,,,,,,,,,,,,,,,0,08_564_592_23525_ego_592,1,23525,23525,23534,vehicle_vehicle,0.3394406330054984,2.0610712860884606,1.2080383056262824,12.111757991307456,15.0,3.0,3.5,0.8,1.93534677254491,6.967248381161676
8,564,23522,1040,67.6515,-62.9472,317.2072,3.4122,18.2947,4.4401,-3.6458,0.5614,1.0726,5.735,-0.341,-0.3167,-1.1685,truck,592,,,,,,,,,,,,,,,,0,08_564_592_23525_ego_592,1,23525,23525,23534,vehicle_vehicle,0.3394406330054984,2.0610712860884606,1.2080383056262824,12.111757991307456,15.0,3.0,3.5,0.8,1.93534677254491,6.967248381161676
8,564,23523,1041,67.8256,-63.0968,317.5964,3.4122,18.2947,4.4611,-3.6031,0.5492,1.1038,5.7239,-0.3478,-0.3388,-1.1854,truck,592,,,,,,,,,,,,,,,,0,08_564_592_23525_ego_592,1,23525,23525,23534,vehicle_vehicle,0.3394406330054984,2.0610712860884606,1.2080383056262824,12.111757991307456,15.0,3.0,3.5,0.8,1.93534677254491,6.967248381161676
8,564,23524,1042,68.0022,-63.2421,317.9925,3.4122,18.2947,4.4825,-3.5582,0.538,1.1347,5.712,-0.3559,-0.3596,-1.2032,truck,592,,,,,,,,,,,,,,,,0,08_564_592_23525_ego_592,1,23525,23525,23534,vehicle_vehicle,0.3394406330054984,2.0610712860884606,1.2080383056262824,12.111757991307456,15.0,3.0,3.5,0.8,1.93534677254491,6.967248381161676
8,564,23525,1043,68.1815,-63.3838,318.3982,3.4122,18.2947,4.5037,-3.512,0.5273,1.1649,5.6995,-0.364,-0.3791,-1.2212,truck,592,74.9708,-75.8614,1.1653,1.5452,1.9324,0.107,56.1474,1.93534677254491,6.967248381161676,-6.789299999999997,12.477600000000002,3.3384,-5.0572,6.059718343289563,14.205108104129303,0,08_564_592_23525_ego_592,1,23525,23525,23534,vehicle_vehicle,0.3394406330054984,2.0610712860884606,1.2080383056262824,12.111757991307456,15.0,3.0,3.5,0.8,1.93534677254491,6.967248381161676
8,592,23525,0,74.9708,-75.8614,56.1474,2.0969,4.6097,1.1653,1.5452,-0.7717,-1.0075,1.9324,0.107,-1.2666,-0.0796,car,592,74.9708,-75.8614,1.1653,1.5452,1.9324,0.107,56.1474,1.93534677254491,6.967248381161676,0.0,0.0,0.0,0.0,0.0,0.0,1,08_564_592_23525_ego_592,1,23525,23525,23534,vehicle_vehicle,0.3394406330054984,2.0610712860884606,1.2080383056262824,12.111757991307456,15.0,3.0,3.5,0.8,1.93534677254491,6.967248381161676
8,564,23526,1044,68.3635,-63.5223,318.8115,3.4122,18.2947,4.5238,-3.4651,0.5172,1.1945,5.6862,-0.3715,-0.3974,-1.2395,truck,592,75.0176,-75.7996,1.1362,1.5075,1.8849,0.1018,56.0881,1.8877252686765627,6.795810967235625,-6.6541,12.277299999999997,3.3875999999999995,-4.9726,6.016858359642513,13.964567379621895,0,08_564_592_23525_ego_592,1,23525,23525,23534,vehicle_vehicle,0.3394406330054984,2.0610712860884606,1.2080383056262824,12.111757991307456,15.0,3.0,3.5,0.8,1.93534677254491,6.967248381161676
8,592,23526,1,75.0176,-75.7996,56.0881,2.0969,4.6097,1.1362,1.5075,-0.7943,-1.0376,1.8849,0.1018,-1.3042,-0.0803,car,592,75.0176,-75.7996,1.1362,1.5075,1.8849,0.1018,56.0881,1.8877252686765627,6.795810967235625,0.0,0.0,0.0,0.0,0.0,0.0,1,08_564_592_23525_ego_592,1,23525,23525,23534,vehicle_vehicle,0.3394406330054984,2.0610712860884606,1.2080383056262824,12.111757991307456,15.0,3.0,3.5,0.8,1.93534677254491,6.967248381161676
8,564,23527,1045,68.548,-63.6573,319.2322,3.4122,18.2947,4.5423,-3.4179,0.5087,1.2242,5.6721,-0.3775,-0.4141,-1.2594,truck,592,75.064,-75.7383,1.1055,1.4679,1.835,0.0965,56.0258,1.8376236448195804,6.61544512135049,-6.515999999999991,12.080999999999996,3.4368,-4.8858,5.9734944446278675,13.726209127067815,0,08_564_592_23525_ego_592,1,23525,23525,23534,vehicle_vehicle,0.3394406330054984,2.0610712860884606,1.2080383056262824,12.111757991307456,15.0,3.0,3.5,0.8,1.93534677254491,6.967248381161676
8,592,23527,2,75.064,-75.7383,56.0258,2.0969,4.6097,1.1055,1.4679,-0.8183,-1.0699,1.835,0.0965,-1.3446,-0.0807,car,592,75.064,-75.7383,1.1055,1.4679,1.835,0.0965,56.0258,1.8376236448195804,6.61544512135049,0.0,0.0,0.0,0.0,0.0,0.0,1,08_564_592_23525_ego_592,1,23525,23525,23534,vehicle_vehicle,0.3394406330054984,2.0610712860884606,1.2080383056262824,12.111757991307456,15.0,3.0,3.5,0.8,1.93534677254491,6.967248381161676
8,564,23528,1046,68.7298,-63.7939,319.6604,3.4122,18.2947,4.5606,-3.3693,0.5024,1.2545,5.6572,-0.384,-0.4291,-1.2814,truck,592,75.1095,-75.6782,1.073,1.426,1.7824,0.0908,55.9577,1.7846021965693082,6.42456790764951,-6.3797,11.884300000000003,3.4876,-4.7953,5.9294397585269385,13.488408304169921,0,08_564_592_23525_ego_592,1,23525,23525,23534,vehicle_vehicle,0.3394406330054984,2.0610712860884606,1.2080383056262824,12.111757991307456,15.0,3.0,3.5,0.8,1.93534677254491,6.967248381161676
8,592,23528,3,75.1095,-75.6782,55.9577,2.0969,4.6097,1.073,1.426,-0.843,-1.1037,1.7824,0.0908,-1.3865,-0.0807,car,592,75.1095,-75.6782,1.073,1.426,1.7824,0.0908,55.9577,1.7846021965693082,6.42456790764951,0.0,0.0,0.0,0.0,0.0,0.0,1,08_564_592_23525_ego_592,1,23525,23525,23534,vehicle_vehicle,0.3394406330054984,2.0610712860884606,1.2080383056262824,12.111757991307456,15.0,3.0,3.5,0.8,1.93534677254491,6.967248381161676
8,564,23529,1047,68.9141,-63.9269,320.0965,3.4122,18.2947,4.578,-3.3198,0.4984,1.2852,5.6415,-0.3901,-0.4421,-1.3057,truck,592,75.1538,-75.6197,1.0388,1.382,1.7268,0.085,55.8863,1.7288809791307207,6.223971524870595,-6.239699999999999,11.692799999999991,3.5392,-4.7017999999999995,5.884968978677797,13.253506250422936,0,08_564_592_23525_ego_592,1,23525,23525,23534,vehicle_vehicle,0.3394406330054984,2.0610712860884606,1.2080383056262824,12.111757991307456,15.0,3.0,3.5,0.8,1.93534677254491,6.967248381161676
8,592,23529,4,75.1538,-75.6197,55.8863,2.0969,4.6097,1.0388,1.382,-0.8676,-1.138,1.7268,0.085,-1.4288,-0.0801,car,592,75.1538,-75.6197,1.0388,1.382,1.7268,0.085,55.8863,1.7288809791307207,6.223971524870595,0.0,0.0,0.0,0.0,0.0,0.0,1,08_564_592_23525_ego_592,1,23525,23525,23534,vehicle_vehicle,0.3394406330054984,2.0610712860884606,1.2080383056262824,12.111757991307456,15.0,3.0,3.5,0.8,1.93534677254491,6.967248381161676
8,564,23530,1048,69.0927,-64.0641,320.5397,3.4122,18.2947,4.5972,-3.2669,0.4962,1.3155,5.6256,-0.3995,-0.453,-1.331,truck,592,75.1967,-75.563,1.0028,1.3355,1.6682,0.0789,55.8076,1.6700802645382047,6.012288952337537,-6.104000000000013,11.498900000000006,3.5944000000000003,-4.6024,5.839674401882352,13.018583533165208,0,08_564_592_23525_ego_592,1,23525,23525,23534,vehicle_vehicle,0.3394406330054984,2.0610712860884606,1.2080383056262824,12.111757991307456,15.0,3.0,3.5,0.8,1.93534677254491,6.967248381161676
8,592,23530,5,75.1967,-75.563,55.8076,2.0969,4.6097,1.0028,1.3355,-0.8913,-1.1719,1.6682,0.0789,-1.4702,-0.0787,car,592,75.1967,-75.563,1.0028,1.3355,1.6682,0.0789,55.8076,1.6700802645382047,6.012288952337537,0.0,0.0,0.0,0.0,0.0,0.0,1,08_564_592_23525_ego_592,1,23525,23525,23534,vehicle_vehicle,0.3394406330054984,2.0610712860884606,1.2080383056262824,12.111757991307456,15.0,3.0,3.5,0.8,1.93534677254491,6.967248381161676
8,564,23531,1049,69.2737,-64.1977,320.9884,3.4122,18.2947,4.6177,-3.2111,0.4939,1.3435,5.6093,-0.4116,-0.4619,-1.3548,truck,592,75.2377,-75.5084,0.9651,1.287,1.607,0.0728,55.7261,1.6086600044757746,5.7911760161127885,-5.963999999999999,11.310699999999997,3.6526,-4.4981,5.79434123693108,12.786759968420457,0,08_564_592_23525_ego_592,1,23525,23525,23534,vehicle_vehicle,0.3394406330054984,2.0610712860884606,1.2080383056262824,12.111757991307456,15.0,3.0,3.5,0.8,1.93534677254491,6.967248381161676
8,592,23531,6,75.2377,-75.5084,55.7261,2.0969,4.6097,0.9651,1.287,-0.9133,-1.2045,1.607,0.0728,-1.5097,-0.0764,car,592,75.2377,-75.5084,0.9651,1.287,1.607,0.0728,55.7261,1.6086600044757746,5.7911760161127885,0.0,0.0,0.0,0.0,0.0,0.0,1,08_564_592_23525_ego_592,1,23525,23525,23534,vehicle_vehicle,0.3394406330054984,2.0610712860884606,1.2080383056262824,12.111757991307456,15.0,3.0,3.5,0.8,1.93534677254491,6.967248381161676
8,564,23532,1050,69.4563,-64.3276,321.4433,3.4122,18.2947,4.639,-3.1532,0.4906,1.3678,5.593,-0.4257,-0.4689,-1.3754,truck,592,75.2767,-75.4555,0.9262,1.2361,1.5431,0.0672,55.6496,1.5446001586171096,5.560560571021595,-5.8204000000000065,11.127899999999997,3.7128,-4.3893,5.7489858523047355,12.558153310499119,0,08_564_592_23525_ego_592,1,23525,23525,23534,vehicle_vehicle,0.3394406330054984,2.0610712860884606,1.2080383056262824,12.111757991307456,15.0,3.0,3.5,0.8,1.93534677254491,6.967248381161676
8,592,23532,7,75.2767,-75.4555,55.6496,2.0969,4.6097,0.9262,1.2361,-0.9331,-1.2349,1.5431,0.0672,-1.546,-0.0736,car,592,75.2767,-75.4555,0.9262,1.2361,1.5431,0.0672,55.6496,1.5446001586171096,5.560560571021595,0.0,0.0,0.0,0.0,0.0,0.0,1,08_564_592_23525_ego_592,1,23525,23525,23534,vehicle_vehicle,0.3394406330054984,2.0610712860884606,1.2080383056262824,12.111757991307456,15.0,3.0,3.5,0.8,1.93534677254491,6.967248381161676
8,564,23533,1051,69.6408,-64.4544,321.9019,3.4122,18.2947,4.6608,-3.0937,0.4854,1.3877,5.5767,-0.4412,-0.4743,-1.3915,truck,592,75.3141,-75.4049,0.886,1.1832,1.4768,0.0619,55.5757,1.4781604243112452,5.321377527520482,-5.673299999999998,10.950499999999991,3.7748,-4.2769,5.704470935152532,12.3328740827108,0,08_564_592_23525_ego_592,1,23525,23525,23534,vehicle_vehicle,0.3394406330054984,2.0610712860884606,1.2080383056262824,12.111757991307456,15.0,3.0,3.5,0.8,1.93534677254491,6.967248381161676
8,592,23533,8,75.3141,-75.4049,55.5757,2.0969,4.6097,0.886,1.1832,-0.9503,-1.2621,1.4768,0.0619,-1.5783,-0.0703,car,592,75.3141,-75.4049,0.886,1.1832,1.4768,0.0619,55.5757,1.4781604243112452,5.321377527520482,0.0,0.0,0.0,0.0,0.0,0.0,1,08_564_592_23525_ego_592,1,23525,23525,23534,vehicle_vehicle,0.3394406330054984,2.0610712860884606,1.2080383056262824,12.111757991307456,15.0,3.0,3.5,0.8,1.93534677254491,6.967248381161676
8,564,23534,1052,69.8267,-64.5778,322.3639,3.4122,18.2947,4.6828,-3.033,0.4777,1.4025,5.5605,-0.4577,-0.4781,-1.4024,truck,592,75.3497,-75.357,0.8447,1.1285,1.4085,0.0572,55.5097,1.4096206369090942,5.074634292872739,-5.522999999999996,10.779200000000003,3.8381000000000003,-4.1615,5.661191911603068,12.111757991307456,0,08_564_592_23525_ego_592,1,23525,23525,23534,vehicle_vehicle,0.3394406330054984,2.0610712860884606,1.2080383056262824,12.111757991307456,15.0,3.0,3.5,0.8,1.93534677254491,6.967248381161676
8,592,23534,9,75.3497,-75.357,55.5097,2.0969,4.6097,0.8447,1.1285,-0.9644,-1.2856,1.4085,0.0572,-1.6057,-0.0669,car,592,75.3497,-75.357,0.8447,1.1285,1.4085,0.0572,55.5097,1.4096206369090942,5.074634292872739,0.0,0.0,0.0,0.0,0.0,0.0,1,08_564_592_23525_ego_592,1,23525,23525,23534,vehicle_vehicle,0.3394406330054984,2.0610712860884606,1.2080383056262824,12.111757991307456,15.0,3.0,3.5,0.8,1.93534677254491,6.967248381161676
8,564,23535,1053,70.0134,-64.6982,322.8316,3.4122,18.2947,4.7049,-2.9717,0.4673,1.4122,5.5446,-0.4745,-0.4808,-1.4077,truck,592,75.3835,-75.3117,0.8026,1.0724,1.3385,0.053,55.4555,1.339480690416999,4.822130485501196,-5.370099999999994,10.613500000000002,3.9023000000000003,-4.0441,5.619847871606491,11.894719679757063,0,08_564_592_23525_ego_592,1,23525,23525,23534,vehicle_vehicle,0.3394406330054984,2.0610712860884606,1.2080383056262824,12.111757991307456,15.0,3.0,3.5,0.8,1.93534677254491,6.967248381161676
8,592,23535,10,75.3835,-75.3117,55.4555,2.0969,4.6097,0.8026,1.0724,-0.9751,-1.3046,1.3385,0.053,-1.6275,-0.0634,car,592,75.3835,-75.3117,0.8026,1.0724,1.3385,0.053,55.4555,1.339480690416999,4.822130485501196,0.0,0.0,0.0,0.0,0.0,0.0,1,08_564_592_23525_ego_592,1,23525,23525,23534,vehicle_vehicle,0.3394406330054984,2.0610712860884606,1.2080383056262824,12.111757991307456,15.0,3.0,3.5,0.8,1.93534677254491,6.967248381161676
8,564,23536,1054,70.2016,-64.8155,323.3052,3.4122,18.2947,4.7267,-2.9102,0.4539,1.4168,5.529,-0.491,-0.4827,-1.4072,truck,592,75.4153,-75.2688,0.7599,1.0152,1.2671,0.0492,55.4077,1.2681005677784394,4.565162044002382,-5.213700000000003,10.453299999999999,3.9668,-3.9254000000000002,5.58070491963157,11.68135902110709,0,08_564_592_23525_ego_592,1,23525,23525,23534,vehicle_vehicle,0.3394406330054984,2.0610712860884606,1.2080383056262824,12.111757991307456,15.0,3.0,3.5,0.8,1.93534677254491,6.967248381161676
8,592,23536,11,75.4153,-75.2688,55.4077,2.0969,4.6097,0.7599,1.0152,-0.9822,-1.3187,1.2671,0.0492,-1.6432,-0.0599,car,592,75.4153,-75.2688,0.7599,1.0152,1.2671,0.0492,55.4077,1.2681005677784394,4.565162044002382,0.0,0.0,0.0,0.0,0.0,0.0,1,08_564_592_23525_ego_592,1,23525,23525,23534,vehicle_vehicle,0.3394406330054984,2.0610712860884606,1.2080383056262824,12.111757991307456,15.0,3.0,3.5,0.8,1.93534677254491,6.967248381161676
8,564,23537,1055,70.3913,-64.9297,323.7853,3.4122,18.2947,4.7479,-2.8489,0.4374,1.4165,5.5138,-0.5066,-0.484,-1.4013,truck,592,75.4455,-75.2281,0.7166,0.9569,1.1946,0.0458,55.3665,1.1954803093317765,4.303729113594396,-5.0541999999999945,10.2984,4.0313,-3.8058,5.543960076515703,11.471790627447833,0,08_564_592_23525_ego_592,1,23525,23525,23534,vehicle_vehicle,0.3394406330054984,2.0610712860884606,1.2080383056262824,12.111757991307456,15.0,3.0,3.5,0.8,1.93534677254491,6.967248381161676
8,592,23537,12,75.4455,-75.2281,55.3665,2.0969,4.6097,0.7166,0.9569,-0.9854,-1.3276,1.1946,0.0458,-1.6524,-0.0563,car,592,75.4455,-75.2281,0.7166,0.9569,1.1946,0.0458,55.3665,1.1954803093317765,4.303729113594396,0.0,0.0,0.0,0.0,0.0,0.0,1,08_564_592_23525_ego_592,1,23525,23525,23534,vehicle_vehicle,0.3394406330054984,2.0610712860884606,1.2080383056262824,12.111757991307456,15.0,3.0,3.5,0.8,1.93534677254491,6.967248381161676
8,564,23538,1056,70.5824,-65.0411,324.2683,3.4122,18.2947,4.768,-2.7882,0.4181,1.4119,5.4988,-0.5211,-0.4852,-1.3903,truck,592,75.4737,-75.19,0.6731,0.898,1.1214,0.0427,55.3265,1.1222600456222258,4.040136164240013,-4.891299999999987,10.148899999999998,4.0949,-3.6862,5.509653024465334,11.266099009861392,0,08_564_592_23525_ego_592,1,23525,23525,23534,vehicle_vehicle,0.3394406330054984,2.0610712860884606,1.2080383056262824,12.111757991307456,15.0,3.0,3.5,0.8,1.93534677254491,6.967248381161676
8,592,23538,13,75.4737,-75.19,55.3265,2.0969,4.6097,0.6731,0.898,-0.9846,-1.3308,1.1214,0.0427,-1.6546,-0.0527,car,592,75.4737,-75.19,0.6731,0.898,1.1214,0.0427,55.3265,1.1222600456222258,4.040136164240013,0.0,0.0,0.0,0.0,0.0,0.0,1,08_564_592_23525_ego_592,1,23525,23525,23534,vehicle_vehicle,0.3394406330054984,2.0610712860884606,1.2080383056262824,12.111757991307456,15.0,3.0,3.5,0.8,1.93534677254491,6.967248381161676
8,564,23539,1057,70.7746,-65.1495,324.7526,3.4122,18.2947,4.787,-2.7285,0.3963,1.4037,5.484,-0.5343,-0.4864,-1.375,truck,592,75.4999,-75.1549,0.6296,0.8387,1.048,0.0399,55.2875,1.0487201008848834,3.7753923631855804,-4.72529999999999,10.005399999999995,4.1574,-3.5671999999999997,5.47803711195899,11.06510231538777,0,08_564_592_23525_ego_592,1,23525,23525,23534,vehicle_vehicle,0.3394406330054984,2.0610712860884606,1.2080383056262824,12.111757991307456,15.0,3.0,3.5,0.8,1.93534677254491,6.967248381161676
8,592,23539,14,75.4999,-75.1549,55.2875,2.0969,4.6097,0.6296,0.8387,-0.9797,-1.328,1.048,0.0399,-1.6496,-0.0491,car,592,75.4999,-75.1549,0.6296,0.8387,1.048,0.0399,55.2875,1.0487201008848834,3.7753923631855804,0.0,0.0,0.0,0.0,0.0,0.0,1,08_564_592_23525_ego_592,1,23525,23525,23534,vehicle_vehicle,0.3394406330054984,2.0610712860884606,1.2080383056262824,12.111757991307456,15.0,3.0,3.5,0.8,1.93534677254491,6.967248381161676
8,564,23540,1058,70.9678,-65.2546,325.2393,3.4122,18.2947,4.8045,-2.6702,0.3726,1.3928,5.4695,-0.5456,-0.488,-1.3566,truck,592,75.5238,-75.1224,0.5865,0.7796,0.9749,0.0375,55.2477,0.9755810627518351,3.5120918259066065,-4.555999999999997,9.867800000000003,4.218,-3.4497999999999998,5.449095708463928,10.868790771746415,0,08_564_592_23525_ego_592,1,23525,23525,23534,vehicle_vehicle,0.3394406330054984,2.0610712860884606,1.2080383056262824,12.111757991307456,15.0,3.0,3.5,0.8,1.93534677254491,6.967248381161676
8,592,23540,15,75.5238,-75.1224,55.2477,2.0969,4.6097,0.5865,0.7796,-0.9708,-1.3193,0.9749,0.0375,-1.6374,-0.0456,car,592,75.5238,-75.1224,0.5865,0.7796,0.9749,0.0375,55.2477,0.9755810627518351,3.5120918259066065,0.0,0.0,0.0,0.0,0.0,0.0,1,08_564_592_23525_ego_592,1,23525,23525,23534,vehicle_vehicle,0.3394406330054984,2.0610712860884606,1.2080383056262824,12.111757991307456,15.0,3.0,3.5,0.8,1.93534677254491,6.967248381161676
8,564,23541,1059,71.1627,-65.3568,325.7313,3.4122,18.2947,4.8201,-2.6138,0.3477,1.3805,5.4551,-0.554,-0.49,-1.3366,truck,592,75.5457,-75.0924,0.5441,0.7209,0.9025,0.0354,55.2079,0.9031841561940732,3.2514629622986635,-4.382999999999996,9.735599999999991,4.276,-3.3346999999999998,5.422582418921818,10.676731539193058,0,08_564_592_23525_ego_592,1,23525,23525,23534,vehicle_vehicle,0.3394406330054984,2.0610712860884606,1.2080383056262824,12.111757991307456,15.0,3.0,3.5,0.8,1.93534677254491,6.967248381161676
8,592,23541,16,75.5457,-75.0924,55.2079,2.0969,4.6097,0.5441,0.7209,-0.9581,-1.3046,0.9025,0.0354,-1.6181,-0.0424,car,592,75.5457,-75.0924,0.5441,0.7209,0.9025,0.0354,55.2079,0.9031841561940732,3.2514629622986635,0.0,0.0,0.0,0.0,0.0,0.0,1,08_564_592_23525_ego_592,1,23525,23525,23534,vehicle_vehicle,0.3394406330054984,2.0610712860884606,1.2080383056262824,12.111757991307456,15.0,3.0,3.5,0.8,1.93534677254491,6.967248381161676
8,564,23542,1060,71.3589,-65.4558,326.2306,3.4122,18.2947,4.8334,-2.5597,0.3228,1.3684,5.4408,-0.5588,-0.4923,-1.3169,truck,592,75.5662,-75.065,0.5023,0.663,0.8311,0.0336,55.1671,0.831789811190303,2.994443320285091,-4.207299999999989,9.609200000000001,4.3311,-3.2226999999999997,5.3985389227086245,10.489904572015893,0,08_564_592_23525_ego_592,1,23525,23525,23534,vehicle_vehicle,0.3394406330054984,2.0610712860884606,1.2080383056262824,12.111757991307456,15.0,3.0,3.5,0.8,1.93534677254491,6.967248381161676
8,592,23542,17,75.5662,-75.065,55.1671,2.0969,4.6097,0.5023,0.663,-0.942,-1.2841,0.8311,0.0336,-1.592,-0.0397,car,592,75.5662,-75.065,0.5023,0.663,0.8311,0.0336,55.1671,0.831789811190303,2.994443320285091,0.0,0.0,0.0,0.0,0.0,0.0,1,08_564_592_23525_ego_592,1,23525,23525,23534,vehicle_vehicle,0.3394406330054984,2.0610712860884606,1.2080383056262824,12.111757991307456,15.0,3.0,3.5,0.8,1.93534677254491,6.967248381161676
8,564,23543,1061,71.5564,-65.5514,326.7361,3.4122,18.2947,4.8442,-2.5083,0.2992,1.3585,5.4263,-0.5597,-0.495,-1.3,truck,592,75.585,-75.0404,0.4615,0.6062,0.7612,0.032,55.1256,0.7618797083529657,2.7427669500706764,-4.028599999999997,9.489000000000004,4.3827,-3.1145,5.376631802532139,10.308770002284465,0,08_564_592_23525_ego_592,1,23525,23525,23534,vehicle_vehicle,0.3394406330054984,2.0610712860884606,1.2080383056262824,12.111757991307456,15.0,3.0,3.5,0.8,1.93534677254491,6.967248381161676
8,592,23543,18,75.585,-75.0404,55.1256,2.0969,4.6097,0.4615,0.6062,-0.9225,-1.258,0.7612,0.032,-1.5595,-0.0375,car,592,75.585,-75.0404,0.4615,0.6062,0.7612,0.032,55.1256,0.7618797083529657,2.7427669500706764,0.0,0.0,0.0,0.0,0.0,0.0,1,08_564_592_23525_ego_592,1,23525,23525,23534,vehicle_vehicle,0.3394406330054984,2.0610712860884606,1.2080383056262824,12.111757991307456,15.0,3.0,3.5,0.8,1.93534677254491,6.967248381161676
8,564,23544,1062,71.7556,-65.6434,327.2501,3.4122,18.2947,4.8519,-2.4603,0.2787,1.3535,5.4116,-0.5556,-0.4978,-1.2891,truck,592,75.6021,-75.0185,0.4216,0.551,0.6932,0.0303,55.0819,0.69379215907936,2.497651772685696,-3.846499999999992,9.375100000000003,4.4303,-3.0113000000000003,5.356816758112975,10.133511842396988,0,08_564_592_23525_ego_592,1,23525,23525,23534,vehicle_vehicle,0.3394406330054984,2.0610712860884606,1.2080383056262824,12.111757991307456,15.0,3.0,3.5,0.8,1.93534677254491,6.967248381161676
8,592,23544,19,75.6021,-75.0185,55.0819,2.0969,4.6097,0.4216,0.551,-0.8999,-1.2267,0.6932,0.0303,-1.521,-0.0357,car,592,75.6021,-75.0185,0.4216,0.551,0.6932,0.0303,55.0819,0.69379215907936,2.497651772685696,0.0,0.0,0.0,0.0,0.0,0.0,1,08_564_592_23525_ego_592,1,23525,23525,23534,vehicle_vehicle,0.3394406330054984,2.0610712860884606,1.2080383056262824,12.111757991307456,15.0,3.0,3.5,0.8,1.93534677254491,6.967248381161676
8,564,23545,1063,71.9514,-65.7386,327.7725,3.4122,18.2947,4.8583,-2.4132,0.2628,1.3551,5.3967,-0.5494,-0.5003,-1.2865,truck,592,75.6177,-74.9987,0.3829,0.4976,0.6272,0.0287,55.0436,0.6278679558633328,2.260324641107998,-3.6662999999999926,9.260099999999994,4.4754,-2.9107999999999996,5.338722862258351,9.959478284528755,0,08_564_592_23525_ego_592,1,23525,23525,23534,vehicle_vehicle,0.3394406330054984,2.0610712860884606,1.2080383056262824,12.111757991307456,15.0,3.0,3.5,0.8,1.93534677254491,6.967248381161676
8,592,23545,20,75.6177,-74.9987,55.0436,2.0969,4.6097,0.3829,0.4976,-0.8745,-1.1909,0.6272,0.0287,-1.4771,-0.0345,car,592,75.6177,-74.9987,0.3829,0.4976,0.6272,0.0287,55.0436,0.6278679558633328,2.260324641107998,0.0,0.0,0.0,0.0,0.0,0.0,1,08_564_592_23525_ego_592,1,23525,23525,23534,vehicle_vehicle,0.3394406330054984,2.0610712860884606,1.2080383056262824,12.111757991307456,15.0,3.0,3.5,0.8,1.93534677254491,6.967248381161676
8,564,23546,1064,72.1419,-65.8395,328.3012,3.4122,18.2947,4.8656,-2.364,0.2509,1.3628,5.3819,-0.5453,-0.5026,-1.2913,truck,592,75.6317,-74.9809,0.3454,0.446,0.5635,0.0272,55.0064,0.5641074011214531,2.030786644037231,-3.4897999999999882,9.141400000000004,4.5202,-2.81,5.3224344091778155,9.784881092787996,0,08_564_592_23525_ego_592,1,23525,23525,23534,vehicle_vehicle,0.3394406330054984,2.0610712860884606,1.2080383056262824,12.111757991307456,15.0,3.0,3.5,0.8,1.93534677254491,6.967248381161676
8,592,23546,21,75.6317,-74.9809,55.0064,2.0969,4.6097,0.3454,0.446,-0.8465,-1.1508,0.5635,0.0272,-1.4283,-0.0335,car,592,75.6317,-74.9809,0.3454,0.446,0.5635,0.0272,55.0064,0.5641074011214531,2.030786644037231,0.0,0.0,0.0,0.0,0.0,0.0,1,08_564_592_23525_ego_592,1,23525,23525,23534,vehicle_vehicle,0.3394406330054984,2.0610712860884606,1.2080383056262824,12.111757991307456,15.0,3.0,3.5,0.8,1.93534677254491,6.967248381161676
8,564,23547,1065,72.3337,-65.9371,328.8271,3.4122,18.2947,4.8736,-2.3128,0.2416,1.3745,5.3671,-0.5439,-0.5047,-1.3012,truck,592,75.6445,-74.9651,0.3092,0.3966,0.5022,0.0255,54.9613,0.5028878602631008,1.810396296947163,-3.3108000000000004,9.028000000000006,4.5644,-2.7094,5.307974728651221,9.615933685295468,0,08_564_592_23525_ego_592,1,23525,23525,23534,vehicle_vehicle,0.3394406330054984,2.0610712860884606,1.2080383056262824,12.111757991307456,15.0,3.0,3.5,0.8,1.93534677254491,6.967248381161676
8,592,23547,22,75.6445,-74.9651,54.9613,2.0969,4.6097,0.3092,0.3966,-0.8161,-1.1071,0.5022,0.0255,-1.375,-0.0325,car,592,75.6445,-74.9651,0.3092,0.3966,0.5022,0.0255,54.9613,0.5028878602631008,1.810396296947163,0.0,0.0,0.0,0.0,0.0,0.0,1,08_564_592_23525_ego_592,1,23525,23525,23534,vehicle_vehicle,0.3394406330054984,2.0610712860884606,1.2080383056262824,12.111757991307456,15.0,3.0,3.5,0.8,1.93534677254491,6.967248381161676
8,564,23548,1066,72.5268,-66.0318,329.3598,3.4122,18.2947,4.8821,-2.2598,0.2339,1.389,5.3522,-0.5439,-0.5066,-1.3143,truck,592,75.6556,-74.9513,0.2744,0.3493,0.4436,0.0239,54.9225,0.44419123134073685,1.5990884328266526,-3.1288000000000125,8.9195,4.6077,-2.6090999999999998,5.295120593527592,9.45234731111802,0,08_564_592_23525_ego_592,1,23525,23525,23534,vehicle_vehicle,0.3394406330054984,2.0610712860884606,1.2080383056262824,12.111757991307456,15.0,3.0,3.5,0.8,1.93534677254491,6.967248381161676
8,592,23548,23,75.6556,-74.9513,54.9225,2.0969,4.6097,0.2744,0.3493,-0.7834,-1.0602,0.4436,0.0239,-1.3179,-0.0318,car,592,75.6556,-74.9513,0.2744,0.3493,0.4436,0.0239,54.9225,0.44419123134073685,1.5990884328266526,0.0,0.0,0.0,0.0,0.0,0.0,1,08_564_592_23525_ego_592,1,23525,23525,23534,vehicle_vehicle,0.3394406330054984,2.0610712860884606,1.2080383056262824,12.111757991307456,15.0,3.0,3.5,0.8,1.93534677254491,6.967248381161676
8,564,23549,1067,72.721,-66.1233,329.8996,3.4122,18.2947,4.8908,-2.2053,0.2272,1.4049,5.3373,-0.545,-0.5081,-1.3294,truck,592,75.6651,-74.9393,0.2413,0.3044,0.3878,0.0224,54.8993,0.3884392487893055,1.3983812956414998,-2.9440999999999917,8.816000000000003,4.6495,-2.5096999999999996,5.283601455446843,9.294599550814441,0,08_564_592_23525_ego_592,1,23525,23525,23534,vehicle_vehicle,0.3394406330054984,2.0610712860884606,1.2080383056262824,12.111757991307456,15.0,3.0,3.5,0.8,1.93534677254491,6.967248381161676
8,592,23549,24,75.6651,-74.9393,54.8993,2.0969,4.6097,0.2413,0.3044,-0.7488,-1.0106,0.3878,0.0224,-1.2574,-0.0315,car,592,75.6651,-74.9393,0.2413,0.3044,0.3878,0.0224,54.8993,0.3884392487893055,1.3983812956414998,0.0,0.0,0.0,0.0,0.0,0.0,1,08_564_592_23525_ego_592,1,23525,23525,23534,vehicle_vehicle,0.3394406330054984,2.0610712860884606,1.2080383056262824,12.111757991307456,15.0,3.0,3.5,0.8,1.93534677254491,6.967248381161676
8,564,23550,1068,72.9162,-66.2122,330.4453,3.4122,18.2947,4.8995,-2.1494,0.2209,1.4215,5.3222,-0.5469,-0.509,-1.3455,truck,592,75.6735,-74.9291,0.2099,0.2619,0.335,0.021,54.8723,0.3356331628430063,1.2082793862348227,-2.7573000000000008,8.71690000000001,4.6895999999999995,-2.4112999999999998,5.273207358904066,9.14259530439799,0,08_564_592_23525_ego_592,1,23525,23525,23534,vehicle_vehicle,0.3394406330054984,2.0610712860884606,1.2080383056262824,12.111757991307456,15.0,3.0,3.5,0.8,1.93534677254491,6.967248381161676
8,592,23550,25,75.6735,-74.9291,54.8723,2.0969,4.6097,0.2099,0.2619,-0.7126,-0.9586,0.335,0.021,-1.194,-0.0312,car,592,75.6735,-74.9291,0.2099,0.2619,0.335,0.021,54.8723,0.3356331628430063,1.2082793862348227,0.0,0.0,0.0,0.0,0.0,0.0,1,08_564_592_23525_ego_592,1,23525,23525,23534,vehicle_vehicle,0.3394406330054984,2.0610712860884606,1.2080383056262824,12.111757991307456,15.0,3.0,3.5,0.8,1.93534677254491,6.967248381161676
8,564,23551,1069,73.1117,-66.2986,330.9886,3.4122,18.2947,4.9082,-2.0923,0.2149,1.4383,5.3071,-0.5506,-0.5096,-1.362,truck,592,75.6807,-74.9207,0.1801,0.222,0.2852,0.0194,54.8412,0.2858671194803628,1.0291216301293062,-2.5690000000000026,8.622100000000003,4.7280999999999995,-2.3143,5.264115699716335,8.996686579513597,0,08_564_592_23525_ego_592,1,23525,23525,23534,vehicle_vehicle,0.3394406330054984,2.0610712860884606,1.2080383056262824,12.111757991307456,15.0,3.0,3.5,0.8,1.93534677254491,6.967248381161676
8,592,23551,26,75.6807,-74.9207,54.8412,2.0969,4.6097,0.1801,0.222,-0.675,-0.9049,0.2852,0.0194,-1.1285,-0.0307,car,592,75.6807,-74.9207,0.1801,0.222,0.2852,0.0194,54.8412,0.2858671194803628,1.0291216301293062,0.0,0.0,0.0,0.0,0.0,0.0,1,08_564_592_23525_ego_592,1,23525,23525,23534,vehicle_vehicle,0.3394406330054984,2.0610712860884606,1.2080383056262824,12.111757991307456,15.0,3.0,3.5,0.8,1.93534677254491,6.967248381161676
8,564,23552,1070,73.308,-66.382,331.5392,3.4122,18.2947,4.9167,-2.0342,0.2091,1.4545,5.2919,-0.5548,-0.5094,-1.3784,truck,592,75.687,-74.9141,0.152,0.1849,0.2387,0.0177,54.813,0.23935749413795257,0.8616869788966293,-2.3789999999999907,8.5321,4.7646999999999995,-2.2190999999999996,5.256117473953564,8.857560127371416,0,08_564_592_23525_ego_592,1,23525,23525,23534,vehicle_vehicle,0.3394406330054984,2.0610712860884606,1.2080383056262824,12.111757991307456,15.0,3.0,3.5,0.8,1.93534677254491,6.967248381161676
8,592,23552,27,75.687,-74.9141,54.813,2.0969,4.6097,0.152,0.1849,-0.6362,-0.8499,0.2387,0.0177,-1.0612,-0.0302,car,592,75.687,-74.9141,0.152,0.1849,0.2387,0.0177,54.813,0.23935749413795257,0.8616869788966293,0.0,0.0,0.0,0.0,0.0,0.0,1,08_564_592_23525_ego_592,1,23525,23525,23534,vehicle_vehicle,0.3394406330054984,2.0610712860884606,1.2080383056262824,12.111757991307456,15.0,3.0,3.5,0.8,1.93534677254491,6.967248381161676
8,564,23553,1071,73.5049,-66.463,332.0873,3.4122,18.2947,4.925,-1.9751,0.2033,1.47,5.2766,-0.5602,-0.5085,-1.3942,truck,592,75.6921,-74.9086,0.1257,0.1504,0.1954,0.0159,54.7975,0.19601186188595832,0.70564270278945,-2.18719999999999,8.445600000000013,4.7993,-2.1255,5.248907575867572,8.72421934616503,0,08_564_592_23525_ego_592,1,23525,23525,23534,vehicle_vehicle,0.3394406330054984,2.0610712860884606,1.2080383056262824,12.111757991307456,15.0,3.0,3.5,0.8,1.93534677254491,6.967248381161676
8,592,23553,28,75.6921,-74.9086,54.7975,2.0969,4.6097,0.1257,0.1504,-0.5964,-0.7942,0.1954,0.0159,-0.9927,-0.0295,car,592,75.6921,-74.9086,0.1257,0.1504,0.1954,0.0159,54.7975,0.19601186188595832,0.70564270278945,0.0,0.0,0.0,0.0,0.0,0.0,1,08_564_592_23525_ego_592,1,23525,23525,23534,vehicle_vehicle,0.3394406330054984,2.0610712860884606,1.2080383056262824,12.111757991307456,15.0,3.0,3.5,0.8,1.93534677254491,6.967248381161676
8,564,23554,1072,73.7021,-66.5418,332.6334,3.4122,18.2947,4.933,-1.9149,0.1976,1.4844,5.2612,-0.567,-0.5069,-1.4091,truck,592,75.6962,-74.9044,0.1011,0.1187,0.1553,0.0141,54.7861,0.15591953052776936,0.5613103098999697,-1.994100000000003,8.3626,4.8319,-2.0336,5.242402747786553,8.597064241355884,0,08_564_592_23525_ego_592,1,23525,23525,23534,vehicle_vehicle,0.3394406330054984,2.0610712860884606,1.2080383056262824,12.111757991307456,15.0,3.0,3.5,0.8,1.93534677254491,6.967248381161676
8,592,23554,29,75.6962,-74.9044,54.7861,2.0969,4.6097,0.1011,0.1187,-0.5557,-0.7383,0.1553,0.0141,-0.9237,-0.0283,car,592,75.6962,-74.9044,0.1011,0.1187,0.1553,0.0141,54.7861,0.15591953052776936,0.5613103098999697,0.0,0.0,0.0,0.0,0.0,0.0,1,08_564_592_23525_ego_592,1,23525,23525,23534,vehicle_vehicle,0.3394406330054984,2.0610712860884606,1.2080383056262824,12.111757991307456,15.0,3.0,3.5,0.8,1.93534677254491,6.967248381161676
8,564,23555,1073,73.8997,-66.6182,333.1795,3.4122,18.2947,4.9407,-1.8538,0.1921,1.4973,5.2457,-0.5748,-0.5042,-1.4229,truck,592,75.6991,-74.901,0.0784,0.0895,0.1183,0.0124,54.7761,0.11898239365553208,0.4283366171599155,-1.7994000000000057,8.282799999999995,4.862299999999999,-1.9432999999999998,5.236255931483869,8.47600237140127,0,08_564_592_23525_ego_592,1,23525,23525,23534,vehicle_vehicle,0.3394406330054984,2.0610712860884606,1.2080383056262824,12.111757991307456,15.0,3.0,3.5,0.8,1.93534677254491,6.967248381161676
8,592,23555,30,75.6991,-74.901,54.7761,2.0969,4.6097,0.0784,0.0895,-0.5145,-0.6826,0.1183,0.0124,-0.8544,-0.0266,car,592,75.6991,-74.901,0.0784,0.0895,0.1183,0.0124,54.7761,0.11898239365553208,0.4283366171599155,0.0,0.0,0.0,0.0,0.0,0.0,1,08_564_592_23525_ego_592,1,23525,23525,23534,vehicle_vehicle,0.3394406330054984,2.0610712860884606,1.2080383056262824,12.111757991307456,15.0,3.0,3.5,0.8,1.93534677254491,6.967248381161676
8,564,23556,1074,74.0977,-66.6921,333.7309,3.4122,18.2947,4.9482,-1.7918,0.1867,1.5082,5.2302,-0.5832,-0.5001,-1.4351,truck,592,75.701,-74.8987,0.0576,0.0628,0.0846,0.0108,54.7747,0.08521502214985337,0.3067740797394721,-1.6032999999999902,8.206600000000009,4.8906,-1.8546,5.230440662123986,8.36174948500612,0,08_564_592_23525_ego_592,1,23525,23525,23534,vehicle_vehicle,0.3394406330054984,2.0610712860884606,1.2080383056262824,12.111757991307456,15.0,3.0,3.5,0.8,1.93534677254491,6.967248381161676
8,592,23556,31,75.701,-74.8987,54.7747,2.0969,4.6097,0.0576,0.0628,-0.4729,-0.6274,0.0846,0.0108,-0.7853,-0.0244,car,592,75.701,-74.8987,0.0576,0.0628,0.0846,0.0108,54.7747,0.08521502214985337,0.3067740797394721,0.0,0.0,0.0,0.0,0.0,0.0,1,08_564_592_23525_ego_592,1,23525,23525,23534,vehicle_vehicle,0.3394406330054984,2.0610712860884606,1.2080383056262824,12.111757991307456,15.0,3.0,3.5,0.8,1.93534677254491,6.967248381161676
8,564,23557,1075,74.296,-66.7632,334.2908,3.4122,18.2947,4.9553,-1.7292,0.1817,1.5169,5.2149,-0.5916,-0.4944,-1.4456,truck,592,75.7019,-74.8975,0.039,0.0387,0.0541,0.0095,54.7797,0.05494260641797038,0.19779338310469335,-1.4058999999999884,8.134299999999996,4.916300000000001,-1.7679,5.224507259062811,8.254901047256709,0,08_564_592_23525_ego_592,1,23525,23525,23534,vehicle_vehicle,0.3394406330054984,2.0610712860884606,1.2080383056262824,12.111757991307456,15.0,3.0,3.5,0.8,1.93534677254491,6.967248381161676
8,592,23557,32,75.7019,-74.8975,54.7797,2.0969,4.6097,0.039,0.0387,-0.4314,-0.5731,0.0541,0.0095,-0.717,-0.022,car,592,75.7019,-74.8975,0.039,0.0387,0.0541,0.0095,54.7797,0.05494260641797038,0.19779338310469335,0.0,0.0,0.0,0.0,0.0,0.0,1,08_564_592_23525_ego_592,1,23525,23525,23534,vehicle_vehicle,0.3394406330054984,2.0610712860884606,1.2080383056262824,12.111757991307456,15.0,3.0,3.5,0.8,1.93534677254491,6.967248381161676
8,564,23558,1076,74.495,-66.8314,334.8598,3.4122,18.2947,4.962,-1.6661,0.1771,1.5233,5.1997,-0.5998,-0.4868,-1.4542,truck,592,75.7026,-74.8978,0.0222,0.0173,0.0269,0.0082,54.7881,0.028144804138597233,0.10132129489895005,-1.2075999999999993,8.066400000000002,4.9398,-1.6834,5.218760350887939,8.156292461651926,0,08_564_592_23525_ego_592,1,23525,23525,23534,vehicle_vehicle,0.3394406330054984,2.0610712860884606,1.2080383056262824,12.111757991307456,15.0,3.0,3.5,0.8,1.93534677254491,6.967248381161676
8,592,23558,33,75.7026,-74.8978,54.7881,2.0969,4.6097,0.0222,0.0173,-0.3903,-0.5199,0.0269,0.0082,-0.6498,-0.0191,car,592,75.7026,-74.8978,0.0222,0.0173,0.0269,0.0082,54.7881,0.028144804138597233,0.10132129489895005,0.0,0.0,0.0,0.0,0.0,0.0,1,08_564_592_23525_ego_592,1,23525,23525,23534,vehicle_vehicle,0.3394406330054984,2.0610712860884606,1.2080383056262824,12.111757991307456,15.0,3.0,3.5,0.8,1.93534677254491,6.967248381161676
8,564,23559,1077,74.6941,-66.8968,335.4369,3.4122,18.2947,4.9683,-1.6027,0.1732,1.5272,5.1849,-0.6076,-0.4773,-1.461,truck,592,75.7026,-74.8987,0.0073,-0.0015,0.003,0.0068,54.7953,0.007452516353554684,0.026829058872796862,-1.008499999999998,8.001900000000006,4.961,-1.6012,5.212999370803722,8.065201538709376,0,08_564_592_23525_ego_592,1,23525,23525,23534,vehicle_vehicle,0.3394406330054984,2.0610712860884606,1.2080383056262824,12.111757991307456,15.0,3.0,3.5,0.8,1.93534677254491,6.967248381161676
8,592,23559,34,75.7026,-74.8987,54.7953,2.0969,4.6097,0.0073,-0.0015,-0.3498,-0.4685,0.003,0.0068,-0.5844,-0.0157,car,592,75.7026,-74.8987,0.0073,-0.0015,0.003,0.0068,54.7953,0.007452516353554684,0.026829058872796862,0.0,0.0,0.0,0.0,0.0,0.0,1,08_564_592_23525_ego_592,1,23525,23525,23534,vehicle_vehicle,0.3394406330054984,2.0610712860884606,1.2080383056262824,12.111757991307456,15.0,3.0,3.5,0.8,1.93534677254491,6.967248381161676
8,564,23560,1078,74.8932,-66.9595,336.0203,3.4122,18.2947,4.9743,-1.5393,0.1701,1.5287,5.1706,-0.6152,-0.4658,-1.4659,truck,592,75.702,-74.9,-0.0057,-0.0179,-0.0179,0.0057,54.8014,0.01878563280807969,0.06762827810908689,-0.8088000000000051,7.9405,4.98,-1.5213999999999999,5.2072121101410875,7.981584910905854,0,08_564_592_23525_ego_592,1,23525,23525,23534,vehicle_vehicle,0.3394406330054984,2.0610712860884606,1.2080383056262824,12.111757991307456,15.0,3.0,3.5,0.8,1.93534677254491,6.967248381161676
8,592,23560,35,75.702,-74.9,54.8014,2.0969,4.6097,-0.0057,-0.0179,-0.3101,-0.4192,-0.0179,0.0057,-0.5213,-0.0117,car,592,75.702,-74.9,-0.0057,-0.0179,-0.0179,0.0057,54.8014,0.01878563280807969,0.06762827810908689,0.0,0.0,0.0,0.0,0.0,0.0,1,08_564_592_23525_ego_592,1,23525,23525,23534,vehicle_vehicle,0.3394406330054984,2.0610712860884606,1.2080383056262824,12.111757991307456,15.0,3.0,3.5,0.8,1.93534677254491,6.967248381161676
8,564,23561,1079,75.0919,-67.0193,336.6104,3.4122,18.2947,4.9804,-1.476,0.1679,1.528,5.1571,-0.6225,-0.4525,-1.4691,truck,592,75.7009,-74.9016,-0.0169,-0.0321,-0.036,0.0047,54.8057,0.03627698995230999,0.13059716382831596,-0.6090000000000089,7.882300000000001,4.9973,-1.4439,5.201716495542601,7.90579118684525,0,08_564_592_23525_ego_592,1,23525,23525,23534,vehicle_vehicle,0.3394406330054984,2.0610712860884606,1.2080383056262824,12.111757991307456,15.0,3.0,3.5,0.8,1.93534677254491,6.967248381161676
8,592,23561,36,75.7009,-74.9016,54.8057,2.0969,4.6097,-0.0169,-0.0321,-0.2715,-0.3724,-0.036,0.0047,-0.4608,-0.0072,car,592,75.7009,-74.9016,-0.0169,-0.0321,-0.036,0.0047,54.8057,0.03627698995230999,0.13059716382831596,0.0,0.0,0.0,0.0,0.0,0.0,1,08_564_592_23525_ego_592,1,23525,23525,23534,vehicle_vehicle,0.3394406330054984,2.0610712860884606,1.2080383056262824,12.111757991307456,15.0,3.0,3.5,0.8,1.93534677254491,6.967248381161676
8,564,23562,1080,75.2905,-67.0771,337.1969,3.4122,18.2947,4.9867,-1.4127,0.1662,1.5251,5.1445,-0.6304,-0.4379,-1.4703,truck,592,75.6995,-74.9034,-0.0264,-0.0444,-0.0515,0.004,54.8082,0.05165578380007412,0.18596082168026684,-0.409000000000006,7.826300000000003,5.0131,-1.3683,5.196481165173217,7.836979819420237,0,08_564_592_23525_ego_592,1,23525,23525,23534,vehicle_vehicle,0.3394406330054984,2.0610712860884606,1.2080383056262824,12.111757991307456,15.0,3.0,3.5,0.8,1.93534677254491,6.967248381161676
8,592,23562,37,75.6995,-74.9034,54.8082,2.0969,4.6097,-0.0264,-0.0444,-0.2342,-0.3282,-0.0515,0.004,-0.4032,-0.0022,car,592,75.6995,-74.9034,-0.0264,-0.0444,-0.0515,0.004,54.8082,0.05165578380007412,0.18596082168026684,0.0,0.0,0.0,0.0,0.0,0.0,1,08_564_592_23525_ego_592,1,23525,23525,23534,vehicle_vehicle,0.3394406330054984,2.0610712860884606,1.2080383056262824,12.111757991307456,15.0,3.0,3.5,0.8,1.93534677254491,6.967248381161676
8,564,23563,1081,75.4894,-67.1323,337.7883,3.4122,18.2947,4.9933,-1.3496,0.1647,1.5201,5.1329,-0.6382,-0.4222,-1.4696,truck,592,75.6978,-74.9053,-0.0341,-0.0549,-0.0646,0.0038,54.8085,0.06462832196490946,0.23266195907367407,-0.20839999999999748,7.772999999999996,5.027399999999999,-1.2947,5.19143514358024,7.775793178833909,0,08_564_592_23525_ego_592,1,23525,23525,23534,vehicle_vehicle,0.3394406330054984,2.0610712860884606,1.2080383056262824,12.111757991307456,15.0,3.0,3.5,0.8,1.93534677254491,6.967248381161676
8,592,23563,38,75.6978,-74.9053,54.8085,2.0969,4.6097,-0.0341,-0.0549,-0.1984,-0.2866,-0.0646,0.0038,-0.3486,0.003,car,592,75.6978,-74.9053,-0.0341,-0.0549,-0.0646,0.0038,54.8085,0.06462832196490946,0.23266195907367407,0.0,0.0,0.0,0.0,0.0,0.0,1,08_564_592_23525_ego_592,1,23525,23525,23534,vehicle_vehicle,0.3394406330054984,2.0610712860884606,1.2080383056262824,12.111757991307456,15.0,3.0,3.5,0.8,1.93534677254491,6.967248381161676
8,564,23564,1082,75.6885,-67.1858,338.376,3.4122,18.2947,5.0,-1.2864,0.1632,1.5128,5.1222,-0.6467,-0.4058,-1.4665,truck,592,75.6953,-74.9073,-0.0401,-0.064,-0.0754,0.0042,54.8068,0.07552489655736047,0.2718896276064977,-0.006799999999998363,7.721500000000006,5.0401,-1.2224,5.186219217310429,7.721502994236297,0,08_564_592_23525_ego_592,1,23525,23525,23534,vehicle_vehicle,0.3394406330054984,2.0610712860884606,1.2080383056262824,12.111757991307456,15.0,3.0,3.5,0.8,1.93534677254491,6.967248381161676
8,592,23564,39,75.6953,-74.9073,54.8068,2.0969,4.6097,-0.0401,-0.064,-0.1644,-0.2475,-0.0754,0.0042,-0.297,0.0083,car,592,75.6953,-74.9073,-0.0401,-0.064,-0.0754,0.0042,54.8068,0.07552489655736047,0.2718896276064977,0.0,0.0,0.0,0.0,0.0,0.0,1,08_564_592_23525_ego_592,1,23525,23525,23534,vehicle_vehicle,0.3394406330054984,2.0610712860884606,1.2080383056262824,12.111757991307456,15.0,3.0,3.5,0.8,1.93534677254491,6.967248381161676
8,564,23565,1083,75.8878,-67.2364,338.9681,3.4122,18.2947,5.007,-1.2233,0.1614,1.5031,5.1125,-0.6551,-0.3888,-1.4609,truck,592,75.6926,-74.9095,-0.0443,-0.0717,-0.0841,0.0051,54.8073,0.08428155195533599,0.30341358703920956,0.19519999999999982,7.673099999999991,5.0512999999999995,-1.1516,5.180908631697725,7.675582495810977,0,08_564_592_23525_ego_592,1,23525,23525,23534,vehicle_vehicle,0.3394406330054984,2.0610712860884606,1.2080383056262824,12.111757991307456,15.0,3.0,3.5,0.8,1.93534677254491,6.967248381161676
8,592,23565,40,75.6926,-74.9095,54.8073,2.0969,4.6097,-0.0443,-0.0717,-0.1326,-0.2106,-0.0841,0.0051,-0.2486,0.013,car,592,75.6926,-74.9095,-0.0443,-0.0717,-0.0841,0.0051,54.8073,0.08428155195533599,0.30341358703920956,0.0,0.0,0.0,0.0,0.0,0.0,1,08_564_592_23525_ego_592,1,23525,23525,23534,vehicle_vehicle,0.3394406330054984,2.0610712860884606,1.2080383056262824,12.111757991307456,15.0,3.0,3.5,0.8,1.93534677254491,6.967248381161676
8,564,23566,1084,76.0879,-67.2844,339.5535,3.4122,18.2947,5.0141,-1.1606,0.1591,1.4908,5.1037,-0.6641,-0.3717,-1.4524,truck,592,75.6902,-74.9123,-0.047,-0.0781,-0.0909,0.0066,54.8127,0.09115157705711954,0.3281456774056304,0.3977000000000004,7.627899999999997,5.0611,-1.0825,5.1755714138634,7.638260515326769,0,08_564_592_23525_ego_592,1,23525,23525,23534,vehicle_vehicle,0.3394406330054984,2.0610712860884606,1.2080383056262824,12.111757991307456,15.0,3.0,3.5,0.8,1.93534677254491,6.967248381161676
8,592,23566,41,75.6902,-74.9123,54.8127,2.0969,4.6097,-0.047,-0.0781,-0.1033,-0.176,-0.0909,0.0066,-0.2033,0.017,car,592,75.6902,-74.9123,-0.047,-0.0781,-0.0909,0.0066,54.8127,0.09115157705711954,0.3281456774056304,0.0,0.0,0.0,0.0,0.0,0.0,1,08_564_592_23525_ego_592,1,23525,23525,23534,vehicle_vehicle,0.3394406330054984,2.0610712860884606,1.2080383056262824,12.111757991307456,15.0,3.0,3.5,0.8,1.93534677254491,6.967248381161676
8,564,23567,1085,76.2885,-67.3298,340.1355,3.4122,18.2947,5.0212,-1.0983,0.156,1.4758,5.0956,-0.6733,-0.3547,-1.441,truck,592,75.6882,-74.9151,-0.0485,-0.0832,-0.0959,0.0083,54.8126,0.09630415359682053,0.3466949529485539,0.6003000000000043,7.5852999999999895,5.0697,-1.0151000000000001,5.170327465451294,7.60901676828221,0,08_564_592_23525_ego_592,1,23525,23525,23534,vehicle_vehicle,0.3394406330054984,2.0610712860884606,1.2080383056262824,12.111757991307456,15.0,3.0,3.5,0.8,1.93534677254491,6.967248381161676
8,592,23567,42,75.6882,-74.9151,54.8126,2.0969,4.6097,-0.0485,-0.0832,-0.0766,-0.1433,-0.0959,0.0083,-0.1612,0.02,car,592,75.6882,-74.9151,-0.0485,-0.0832,-0.0959,0.0083,54.8126,0.09630415359682053,0.3466949529485539,0.0,0.0,0.0,0.0,0.0,0.0,1,08_564_592_23525_ego_592,1,23525,23525,23534,vehicle_vehicle,0.3394406330054984,2.0610712860884606,1.2080383056262824,12.111757991307456,15.0,3.0,3.5,0.8,1.93534677254491,6.967248381161676
8,564,23568,1086,76.4902,-67.3727,340.7104,3.4122,18.2947,5.0278,-1.0365,0.1525,1.4581,5.0879,-0.6826,-0.3378,-1.4266,truck,592,75.6866,-74.9181,-0.0491,-0.0872,-0.0995,0.0101,54.807,0.1000732231918209,0.36026360349055525,0.803600000000003,7.545400000000001,5.0769,-0.9493,5.164889553514189,7.588071831499753,0,08_564_592_23525_ego_592,1,23525,23525,23534,vehicle_vehicle,0.3394406330054984,2.0610712860884606,1.2080383056262824,12.111757991307456,15.0,3.0,3.5,0.8,1.93534677254491,6.967248381161676
8,592,23568,43,75.6866,-74.9181,54.807,2.0969,4.6097,-0.0491,-0.0872,-0.0524,-0.1124,-0.0995,0.0101,-0.1221,0.022,car,592,75.6866,-74.9181,-0.0491,-0.0872,-0.0995,0.0101,54.807,0.1000732231918209,0.36026360349055525,0.0,0.0,0.0,0.0,0.0,0.0,1,08_564_592_23525_ego_592,1,23525,23525,23534,vehicle_vehicle,0.3394406330054984,2.0610712860884606,1.2080383056262824,12.111757991307456,15.0,3.0,3.5,0.8,1.93534677254491,6.967248381161676
8,564,23569,1087,76.6919,-67.4135,341.2777,3.4122,18.2947,5.0341,-0.9751,0.1486,1.4375,5.0807,-0.6923,-0.3207,-1.4092,truck,592,75.6842,-74.9212,-0.0486,-0.0901,-0.1017,0.0122,54.8117,0.10237172461182824,0.3685382086025817,1.0076999999999998,7.5077,5.0827,-0.885,5.159172830018393,7.57502597883334,0,08_564_592_23525_ego_592,1,23525,23525,23534,vehicle_vehicle,0.3394406330054984,2.0610712860884606,1.2080383056262824,12.111757991307456,15.0,3.0,3.5,0.8,1.93534677254491,6.967248381161676
8,592,23569,44,75.6842,-74.9212,54.8117,2.0969,4.6097,-0.0486,-0.0901,-0.0307,-0.0832,-0.1017,0.0122,-0.0857,0.0229,car,592,75.6842,-74.9212,-0.0486,-0.0901,-0.1017,0.0122,54.8117,0.10237172461182824,0.3685382086025817,0.0,0.0,0.0,0.0,0.0,0.0,1,08_564_592_23525_ego_592,1,23525,23525,23534,vehicle_vehicle,0.3394406330054984,2.0610712860884606,1.2080383056262824,12.111757991307456,15.0,3.0,3.5,0.8,1.93534677254491,6.967248381161676
8,564,23570,1088,76.8934,-67.4517,341.8385,3.4122,18.2947,5.0403,-0.9145,0.1445,1.4139,5.0742,-0.7021,-0.3034,-1.3885,truck,592,75.6819,-74.9244,-0.0471,-0.0921,-0.1025,0.0146,54.8129,0.1034447678715555,0.3724011643375998,1.211500000000001,7.472700000000003,5.087400000000001,-0.8224,5.153443559407632,7.570269317534222,0,08_564_592_23525_ego_592,1,23525,23525,23534,vehicle_vehicle,0.3394406330054984,2.0610712860884606,1.2080383056262824,12.111757991307456,15.0,3.0,3.5,0.8,1.93534677254491,6.967248381161676
8,592,23570,45,75.6819,-74.9244,54.8129,2.0969,4.6097,-0.0471,-0.0921,-0.0117,-0.0554,-0.1025,0.0146,-0.052,0.0224,car,592,75.6819,-74.9244,-0.0471,-0.0921,-0.1025,0.0146,54.8129,0.1034447678715555,0.3724011643375998,0.0,0.0,0.0,0.0,0.0,0.0,1,08_564_592_23525_ego_592,1,23525,23525,23534,vehicle_vehicle,0.3394406330054984,2.0610712860884606,1.2080383056262824,12.111757991307456,15.0,3.0,3.5,0.8,1.93534677254491,6.967248381161676
8,564,23571,1089,77.0945,-67.4875,342.3968,3.4122,18.2947,5.0465,-0.8547,0.1402,1.3871,5.0687,-0.7115,-0.2859,-1.3646,truck,592,75.6796,-74.928,-0.0447,-0.093,-0.1018,0.0171,54.8101,0.10318473724345088,0.37146505407642316,1.414900000000003,7.4405,5.0912,-0.7617,5.147864055120337,7.573835373177847,0,08_564_592_23525_ego_592,1,23525,23525,23534,vehicle_vehicle,0.3394406330054984,2.0610712860884606,1.2080383056262824,12.111757991307456,15.0,3.0,3.5,0.8,1.93534677254491,6.967248381161676
8,592,23571,46,75.6796,-74.928,54.8101,2.0969,4.6097,-0.0447,-0.093,0.0046,-0.029,-0.1018,0.0171,-0.021,0.0204,car,592,75.6796,-74.928,-0.0447,-0.093,-0.1018,0.0171,54.8101,0.10318473724345088,0.37146505407642316,0.0,0.0,0.0,0.0,0.0,0.0,1,08_564_592_23525_ego_592,1,23525,23525,23534,vehicle_vehicle,0.3394406330054984,2.0610712860884606,1.2080383056262824,12.111757991307456,15.0,3.0,3.5,0.8,1.93534677254491,6.967248381161676
8,564,23572,1090,77.2967,-67.5201,342.9609,3.4122,18.2947,5.0524,-0.7962,0.1354,1.3572,5.0639,-0.7192,-0.2682,-1.3373,truck,592,75.6778,-74.9319,-0.0416,-0.0928,-0.0999,0.0195,54.804,0.10169759092525249,0.36611132733090895,1.6188999999999965,7.4117999999999995,5.093999999999999,-0.7034,5.1423348354614165,7.586541797815391,0,08_564_592_23525_ego_592,1,23525,23525,23534,vehicle_vehicle,0.3394406330054984,2.0610712860884606,1.2080383056262824,12.111757991307456,15.0,3.0,3.5,0.8,1.93534677254491,6.967248381161676
8,592,23572,47,75.6778,-74.9319,54.804,2.0969,4.6097,-0.0416,-0.0928,0.0179,-0.0038,-0.0999,0.0195,0.0072,0.0168,car,592,75.6778,-74.9319,-0.0416,-0.0928,-0.0999,0.0195,54.804,0.10169759092525249,0.36611132733090895,0.0,0.0,0.0,0.0,0.0,0.0,1,08_564_592_23525_ego_592,1,23525,23525,23534,vehicle_vehicle,0.3394406330054984,2.0610712860884606,1.2080383056262824,12.111757991307456,15.0,3.0,3.5,0.8,1.93534677254491,6.967248381161676
8,564,23573,1091,77.4998,-67.5495,343.5259,3.4122,18.2947,5.0578,-0.7394,0.1305,1.3244,5.0599,-0.7253,-0.2504,-1.307,truck,592,75.6764,-74.9361,-0.0381,-0.0914,-0.0967,0.0216,54.7949,0.09902307811818414,0.3564830812254629,1.8233999999999924,7.386600000000001,5.0959,-0.6479999999999999,5.136934962601726,7.608327485065295,0,08_564_592_23525_ego_592,1,23525,23525,23534,vehicle_vehicle,0.3394406330054984,2.0610712860884606,1.2080383056262824,12.111757991307456,15.0,3.0,3.5,0.8,1.93534677254491,6.967248381161676
8,592,23573,48,75.6764,-74.9361,54.7949,2.0969,4.6097,-0.0381,-0.0914,0.0283,0.0199,-0.0967,0.0216,0.0326,0.0117,car,592,75.6764,-74.9361,-0.0381,-0.0914,-0.0967,0.0216,54.7949,0.09902307811818414,0.3564830812254629,0.0,0.0,0.0,0.0,0.0,0.0,1,08_564_592_23525_ego_592,1,23525,23525,23534,vehicle_vehicle,0.3394406330054984,2.0610712860884606,1.2080383056262824,12.111757991307456,15.0,3.0,3.5,0.8,1.93534677254491,6.967248381161676
8,564,23574,1092,77.7033,-67.5756,344.0879,3.4122,18.2947,5.0626,-0.6848,0.1258,1.2896,5.0564,-0.7294,-0.2326,-1.2747,truck,592,75.6755,-74.9404,-0.0344,-0.0888,-0.0924,0.0231,54.792,0.09523024729569907,0.34282889026451663,2.027799999999999,7.3648000000000025,5.0969999999999995,-0.596,5.131727292052842,7.638864567460273,0,08_564_592_23525_ego_592,1,23525,23525,23534,vehicle_vehicle,0.3394406330054984,2.0610712860884606,1.2080383056262824,12.111757991307456,15.0,3.0,3.5,0.8,1.93534677254491,6.967248381161676
8,592,23574,49,75.6755,-74.9404,54.792,2.0969,4.6097,-0.0344,-0.0888,0.0361,0.0418,-0.0924,0.0231,0.055,0.0054,car,592,75.6755,-74.9404,-0.0344,-0.0888,-0.0924,0.0231,54.792,0.09523024729569907,0.34282889026451663,0.0,0.0,0.0,0.0,0.0,0.0,1,08_564_592_23525_ego_592,1,23525,23525,23534,vehicle_vehicle,0.3394406330054984,2.0610712860884606,1.2080383056262824,12.111757991307456,15.0,3.0,3.5,0.8,1.93534677254491,6.967248381161676
8,564,23575,1093,77.9079,-67.5987,344.6474,3.4122,18.2947,5.0664,-0.633,0.122,1.2539,5.0532,-0.7309,-0.2144,-1.2414,truck,592,75.6752,-74.9446,-0.0308,-0.085,-0.0873,0.0238,54.7923,0.09040818547012212,0.3254694676924397,2.232699999999994,7.3459,5.0972,-0.548,5.126573108812552,7.677707737339315,0,08_564_592_23525_ego_592,1,23525,23525,23534,vehicle_vehicle,0.3394406330054984,2.0610712860884606,1.2080383056262824,12.111757991307456,15.0,3.0,3.5,0.8,1.93534677254491,6.967248381161676
8,592,23575,50,75.6752,-74.9446,54.7923,2.0969,4.6097,-0.0308,-0.085,0.0416,0.0619,-0.0873,0.0238,0.0745,-0.0017,car,592,75.6752,-74.9446,-0.0308,-0.085,-0.0873,0.0238,54.7923,0.09040818547012212,0.3254694676924397,0.0,0.0,0.0,0.0,0.0,0.0,1,08_564_592_23525_ego_592,1,23525,23525,23534,vehicle_vehicle,0.3394406330054984,2.0610712860884606,1.2080383056262824,12.111757991307456,15.0,3.0,3.5,0.8,1.93534677254491,6.967248381161676
8,564,23576,1094,78.1124,-67.6173,345.2096,3.4122,18.2947,5.0693,-0.5849,0.1197,1.2191,5.0506,-0.7286,-0.1955,-1.2092,truck,592,75.6756,-74.9486,-0.0277,-0.0802,-0.0815,0.0236,54.8066,0.08484886563767366,0.3054559162956252,2.436799999999991,7.331299999999999,5.097,-0.5046999999999999,5.121926501815504,7.725668510232622,0,08_564_592_23525_ego_592,1,23525,23525,23534,vehicle_vehicle,0.3394406330054984,2.0610712860884606,1.2080383056262824,12.111757991307456,15.0,3.0,3.5,0.8,1.93534677254491,6.967248381161676
8,592,23576,51,75.6756,-74.9486,54.8066,2.0969,4.6097,-0.0277,-0.0802,0.0452,0.0796,-0.0815,0.0236,0.0911,-0.009,car,592,75.6756,-74.9486,-0.0277,-0.0802,-0.0815,0.0236,54.8066,0.08484886563767366,0.3054559162956252,0.0,0.0,0.0,0.0,0.0,0.0,1,08_564_592_23525_ego_592,1,23525,23525,23534,vehicle_vehicle,0.3394406330054984,2.0610712860884606,1.2080383056262824,12.111757991307456,15.0,3.0,3.5,0.8,1.93534677254491,6.967248381161676
8,564,23577,1095,78.3173,-67.6325,345.7719,3.4122,18.2947,5.0713,-0.541,0.1198,1.1877,5.0487,-0.722,-0.1758,-1.1808,truck,592,75.6762,-74.9524,-0.0251,-0.0744,-0.0753,0.0224,54.8259,0.07851987009668317,0.2826715323480594,2.6411000000000087,7.319900000000004,5.0964,-0.4666,5.117715165970064,7.781795758049687,0,08_564_592_23525_ego_592,1,23525,23525,23534,vehicle_vehicle,0.3394406330054984,2.0610712860884606,1.2080383056262824,12.111757991307456,15.0,3.0,3.5,0.8,1.93534677254491,6.967248381161676
8,592,23577,52,75.6762,-74.9524,54.8259,2.0969,4.6097,-0.0251,-0.0744,0.0477,0.095,-0.0753,0.0224,0.1051,-0.0157,car,592,75.6762,-74.9524,-0.0251,-0.0744,-0.0753,0.0224,54.8259,0.07851987009668317,0.2826715323480594,0.0,0.0,0.0,0.0,0.0,0.0,1,08_564_592_23525_ego_592,1,23525,23525,23534,vehicle_vehicle,0.3394406330054984,2.0610712860884606,1.2080383056262824,12.111757991307456,15.0,3.0,3.5,0.8,1.93534677254491,6.967248381161676
8,564,23578,1096,78.5222,-67.6441,346.3373,3.4122,18.2947,5.0726,-0.5021,0.1231,1.1632,5.0477,-0.7103,-0.1551,-1.1593,truck,592,75.6767,-74.9554,-0.0229,-0.068,-0.0688,0.0204,54.8434,0.07175242156192362,0.258308717622925,2.8455000000000013,7.311300000000003,5.0955,-0.4341,5.113957670923764,7.845506863166971,0,08_564_592_23525_ego_592,1,23525,23525,23534,vehicle_vehicle,0.3394406330054984,2.0610712860884606,1.2080383056262824,12.111757991307456,15.0,3.0,3.5,0.8,1.93534677254491,6.967248381161676
8,592,23578,53,75.6767,-74.9554,54.8434,2.0969,4.6097,-0.0229,-0.068,0.0496,0.1076,-0.0688,0.0204,0.1166,-0.0214,car,592,75.6767,-74.9554,-0.0229,-0.068,-0.0688,0.0204,54.8434,0.07175242156192362,0.258308717622925,0.0,0.0,0.0,0.0,0.0,0.0,1,08_564_592_23525_ego_592,1,23525,23525,23534,vehicle_vehicle,0.3394406330054984,2.0610712860884606,1.2080383056262824,12.111757991307456,15.0,3.0,3.5,0.8,1.93534677254491,6.967248381161676
8,564,23579,1097,78.7275,-67.6515,346.9054,3.4122,18.2947,5.0731,-0.4688,0.1303,1.1495,5.0474,-0.6927,-0.1335,-1.1491,truck,592,75.6768,-74.9578,-0.0211,-0.0611,-0.0621,0.0179,54.8633,0.0646406992536436,0.23270651731311698,3.050700000000006,7.306300000000007,5.0942,-0.4077,5.110488521658179,7.917625286662671,0,08_564_592_23525_ego_592,1,23525,23525,23534,vehicle_vehicle,0.3394406330054984,2.0610712860884606,1.2080383056262824,12.111757991307456,15.0,3.0,3.5,0.8,1.93534677254491,6.967248381161676
8,592,23579,54,75.6768,-74.9578,54.8633,2.0969,4.6097,-0.0211,-0.0611,0.0515,0.1177,-0.0621,0.0179,0.1259,-0.0256,car,592,75.6768,-74.9578,-0.0211,-0.0611,-0.0621,0.0179,54.8633,0.0646406992536436,0.23270651731311698,0.0,0.0,0.0,0.0,0.0,0.0,1,08_564_592_23525_ego_592,1,23525,23525,23534,vehicle_vehicle,0.3394406330054984,2.0610712860884606,1.2080383056262824,12.111757991307456,15.0,3.0,3.5,0.8,1.93534677254491,6.967248381161676
8,564,23580,1098,78.9297,-67.6671,347.4776,3.4122,18.2947,5.0741,-0.437,0.1419,1.1495,5.0482,-0.6735,-0.1107,-1.153,truck,592,75.6765,-74.9597,-0.0194,-0.054,-0.0553,0.0152,54.8815,0.05737909026814559,0.20656472496532413,3.2531999999999925,7.292599999999993,5.0935,-0.383,5.107879330015539,7.985319342393256,0,08_564_592_23525_ego_592,1,23525,23525,23534,vehicle_vehicle,0.3394406330054984,2.0610712860884606,1.2080383056262824,12.111757991307456,15.0,3.0,3.5,0.8,1.93534677254491,6.967248381161676
8,592,23580,55,75.6765,-74.9597,54.8815,2.0969,4.6097,-0.0194,-0.054,0.0537,0.1253,-0.0553,0.0152,0.1334,-0.0282,car,592,75.6765,-74.9597,-0.0194,-0.054,-0.0553,0.0152,54.8815,0.05737909026814559,0.20656472496532413,0.0,0.0,0.0,0.0,0.0,0.0,1,08_564_592_23525_ego_592,1,23525,23525,23534,vehicle_vehicle,0.3394406330054984,2.0610712860884606,1.2080383056262824,12.111757991307456,15.0,3.0,3.5,0.8,1.93534677254491,6.967248381161676
8,564,23581,1099,79.128,-67.6948,348.0476,3.4122,18.2947,5.0776,-0.4008,0.1566,1.1615,5.0505,-0.6595,-0.0873,-1.1688,truck,592,75.6758,-74.9611,-0.0176,-0.0469,-0.0485,0.0126,54.8924,0.050093612367246985,0.18033700452208914,3.452200000000005,7.266300000000001,5.0952,-0.3539,5.107475721919783,8.044675290526028,0,08_564_592_23525_ego_592,1,23525,23525,23534,vehicle_vehicle,0.3394406330054984,2.0610712860884606,1.2080383056262824,12.111757991307456,15.0,3.0,3.5,0.8,1.93534677254491,6.967248381161676
8,592,23581,56,75.6758,-74.9611,54.8924,2.0969,4.6097,-0.0176,-0.0469,0.0562,0.1307,-0.0485,0.0126,0.1392,-0.0292,car,592,75.6758,-74.9611,-0.0176,-0.0469,-0.0485,0.0126,54.8924,0.050093612367246985,0.18033700452208914,0.0,0.0,0.0,0.0,0.0,0.0,1,08_564_592_23525_ego_592,1,23525,23525,23534,vehicle_vehicle,0.3394406330054984,2.0610712860884606,1.2080383056262824,12.111757991307456,15.0,3.0,3.5,0.8,1.93534677254491,6.967248381161676
8,564,23582,1100,79.3277,-67.7191,348.6176,3.4122,18.2947,5.083,-0.3603,0.1729,1.1814,5.0542,-0.6499,-0.0637,-1.1923,truck,592,75.675,-74.9618,-0.0157,-0.04,-0.0418,0.0102,54.8998,0.042970804041814255,0.15469489455053131,3.652699999999996,7.242699999999999,5.0987,-0.32030000000000003,5.108750706386053,8.11165338140135,0,08_564_592_23525_ego_592,1,23525,23525,23534,vehicle_vehicle,0.3394406330054984,2.0610712860884606,1.2080383056262824,12.111757991307456,15.0,3.0,3.5,0.8,1.93534677254491,6.967248381161676
8,592,23582,57,75.675,-74.9618,54.8998,2.0969,4.6097,-0.0157,-0.04,0.059,0.1342,-0.0418,0.0102,0.1438,-0.0289,car,592,75.675,-74.9618,-0.0157,-0.04,-0.0418,0.0102,54.8998,0.042970804041814255,0.15469489455053131,0.0,0.0,0.0,0.0,0.0,0.0,1,08_564_592_23525_ego_592,1,23525,23525,23534,vehicle_vehicle,0.3394406330054984,2.0610712860884606,1.2080383056262824,12.111757991307456,15.0,3.0,3.5,0.8,1.93534677254491,6.967248381161676
8,564,23583,1101,79.5277,-67.7396,349.1831,3.4122,18.2947,5.0905,-0.3163,0.1892,1.2058,5.0594,-0.6447,-0.0404,-1.2199,truck,592,75.6738,-74.962,-0.0134,-0.0335,-0.0351,0.0083,54.9026,0.03608060420780118,0.12989017514808426,3.853899999999996,7.2224000000000075,5.103899999999999,-0.28280000000000005,5.111728773125584,8.186306063787262,0,08_564_592_23525_ego_592,1,23525,23525,23534,vehicle_vehicle,0.3394406330054984,2.0610712860884606,1.2080383056262824,12.111757991307456,15.0,3.0,3.5,0.8,1.93534677254491,6.967248381161676
8,592,23583,58,75.6738,-74.962,54.9026,2.0969,4.6097,-0.0134,-0.0335,0.0621,0.1363,-0.0351,0.0083,0.1472,-0.0276,car,592,75.6738,-74.962,-0.0134,-0.0335,-0.0351,0.0083,54.9026,0.03608060420780118,0.12989017514808426,0.0,0.0,0.0,0.0,0.0,0.0,1,08_564_592_23525_ego_592,1,23525,23525,23534,vehicle_vehicle,0.3394406330054984,2.0610712860884606,1.2080383056262824,12.111757991307456,15.0,3.0,3.5,0.8,1.93534677254491,6.967248381161676
8,564,23584,1102,79.7297,-67.7572,349.7472,3.4122,18.2947,5.0993,-0.2689,0.2047,1.2323,5.0658,-0.6431,-0.0179,-1.2491,truck,592,75.6735,-74.9627,-0.011,-0.0271,-0.0285,0.0066,54.9156,0.029247393046218664,0.1052906149663872,4.05619999999999,7.205500000000001,5.1103000000000005,-0.24179999999999996,5.116017330893241,8.268735616162845,0,08_564_592_23525_ego_592,1,23525,23525,23534,vehicle_vehicle,0.3394406330054984,2.0610712860884606,1.2080383056262824,12.111757991307456,15.0,3.0,3.5,0.8,1.93534677254491,6.967248381161676
8,592,23584,59,75.6735,-74.9627,54.9156,2.0969,4.6097,-0.011,-0.0271,0.0652,0.1373,-0.0285,0.0066,0.1499,-0.0256,car,592,75.6735,-74.9627,-0.011,-0.0271,-0.0285,0.0066,54.9156,0.029247393046218664,0.1052906149663872,0.0,0.0,0.0,0.0,0.0,0.0,1,08_564_592_23525_ego_592,1,23525,23525,23534,vehicle_vehicle,0.3394406330054984,2.0610712860884606,1.2080383056262824,12.111757991307456,15.0,3.0,3.5,0.8,1.93534677254491,6.967248381161676
8,564,23585,1103,79.9325,-67.771,350.3184,3.4122,18.2947,5.1093,-0.2188,0.2186,1.2588,5.0734,-0.6436,0.0038,-1.2777,truck,592,75.6728,-74.9632,-0.0084,-0.0208,-0.0219,0.0051,54.9307,0.022432119828495925,0.08075563138258533,4.259700000000009,7.1922,5.1177,-0.198,5.121528803980311,8.358994253497253,0,08_564_592_23525_ego_592,1,23525,23525,23534,vehicle_vehicle,0.3394406330054984,2.0610712860884606,1.2080383056262824,12.111757991307456,15.0,3.0,3.5,0.8,1.93534677254491,6.967248381161676
8,592,23585,60,75.6728,-74.9632,54.9307,2.0969,4.6097,-0.0084,-0.0208,0.0684,0.1375,-0.0219,0.0051,0.1519,-0.023,car,592,75.6728,-74.9632,-0.0084,-0.0208,-0.0219,0.0051,54.9307,0.022432119828495925,0.08075563138258533,0.0,0.0,0.0,0.0,0.0,0.0,1,08_564_592_23525_ego_592,1,23525,23525,23534,vehicle_vehicle,0.3394406330054984,2.0610712860884606,1.2080383056262824,12.111757991307456,15.0,3.0,3.5,0.8,1.93534677254491,6.967248381161676
8,564,23586,1104,80.1362,-67.781,350.8964,3.4122,18.2947,5.1202,-0.1668,0.2306,1.2841,5.0821,-0.6454,0.0245,-1.3044,truck,592,75.6719,-74.9632,-0.0054,-0.0148,-0.0153,0.0041,54.949,0.015754364474646385,0.05671571210872699,4.464300000000009,7.182199999999995,5.1255999999999995,-0.152,5.127853289633001,8.456593364351866,0,08_564_592_23525_ego_592,1,23525,23525,23534,vehicle_vehicle,0.3394406330054984,2.0610712860884606,1.2080383056262824,12.111757991307456,15.0,3.0,3.5,0.8,1.93534677254491,6.967248381161676
8,592,23586,61,75.6719,-74.9632,54.949,2.0969,4.6097,-0.0054,-0.0148,0.0715,0.137,-0.0153,0.0041,0.1533,-0.0201,car,592,75.6719,-74.9632,-0.0054,-0.0148,-0.0153,0.0041,54.949,0.015754364474646385,0.05671571210872699,0.0,0.0,0.0,0.0,0.0,0.0,1,08_564_592_23525_ego_592,1,23525,23525,23534,vehicle_vehicle,0.3394406330054984,2.0610712860884606,1.2080383056262824,12.111757991307456,15.0,3.0,3.5,0.8,1.93534677254491,6.967248381161676
8,564,23587,1105,80.341,-67.7884,351.4819,3.4122,18.2947,5.1317,-0.1131,0.2403,1.3074,5.0918,-0.6483,0.044,-1.3286,truck,592,75.6715,-74.9633,-0.0022,-0.009,-0.0087,0.0033,54.9618,0.009264987857520375,0.03335395628707335,4.669499999999999,7.174900000000008,5.133900000000001,-0.10410000000000001,5.134955308471536,8.560573594099878,0,08_564_592_23525_ego_592,1,23525,23525,23534,vehicle_vehicle,0.3394406330054984,2.0610712860884606,1.2080383056262824,12.111757991307456,15.0,3.0,3.5,0.8,1.93534677254491,6.967248381161676
8,592,23587,62,75.6715,-74.9633,54.9618,2.0969,4.6097,-0.0022,-0.009,0.0743,0.1362,-0.0087,0.0033,0.1542,-0.0173,car,592,75.6715,-74.9633,-0.0022,-0.009,-0.0087,0.0033,54.9618,0.009264987857520375,0.03335395628707335,0.0,0.0,0.0,0.0,0.0,0.0,1,08_564_592_23525_ego_592,1,23525,23525,23534,vehicle_vehicle,0.3394406330054984,2.0610712860884606,1.2080383056262824,12.111757991307456,15.0,3.0,3.5,0.8,1.93534677254491,6.967248381161676
8,564,23588,1106,80.5464,-67.7928,352.0679,3.4122,18.2947,5.1436,-0.058,0.2478,1.3282,5.1024,-0.6523,0.0622,-1.3497,truck,592,75.6715,-74.9636,0.0011,-0.0032,-0.002,0.0027,54.9681,0.003383784863137726,0.012181625507295814,4.874900000000011,7.1708,5.1425,-0.0548,5.142791974210118,8.670929745419468,0,08_564_592_23525_ego_592,1,23525,23525,23534,vehicle_vehicle,0.3394406330054984,2.0610712860884606,1.2080383056262824,12.111757991307456,15.0,3.0,3.5,0.8,1.93534677254491,6.967248381161676
8,592,23588,63,75.6715,-74.9636,54.9681,2.0969,4.6097,0.0011,-0.0032,0.0768,0.135,-0.002,0.0027,0.1546,-0.0146,car,592,75.6715,-74.9636,0.0011,-0.0032,-0.002,0.0027,54.9681,0.003383784863137726,0.012181625507295814,0.0,0.0,0.0,0.0,0.0,0.0,1,08_564_592_23525_ego_592,1,23525,23525,23534,vehicle_vehicle,0.3394406330054984,2.0610712860884606,1.2080383056262824,12.111757991307456,15.0,3.0,3.5,0.8,1.93534677254491,6.967248381161676
8,564,23589,1107,80.752,-67.7944,352.6556,3.4122,18.2947,5.1558,-0.002,0.253,1.3461,5.1138,-0.6571,0.0789,-1.3674,truck,592,75.6721,-74.9641,0.0043,0.0027,0.0047,0.0019,54.9752,0.005077400909914442,0.01827864327569199,5.079899999999995,7.169700000000006,5.1515,-0.0047,5.151502144035272,8.786921081926254,0,08_564_592_23525_ego_592,1,23525,23525,23534,vehicle_vehicle,0.3394406330054984,2.0610712860884606,1.2080383056262824,12.111757991307456,15.0,3.0,3.5,0.8,1.93534677254491,6.967248381161676
8,592,23589,64,75.6721,-74.9641,54.9752,2.0969,4.6097,0.0043,0.0027,0.0791,0.1333,0.0047,0.0019,0.1545,-0.0118,car,592,75.6721,-74.9641,0.0043,0.0027,0.0047,0.0019,54.9752,0.005077400909914442,0.01827864327569199,0.0,0.0,0.0,0.0,0.0,0.0,1,08_564_592_23525_ego_592,1,23525,23525,23534,vehicle_vehicle,0.3394406330054984,2.0610712860884606,1.2080383056262824,12.111757991307456,15.0,3.0,3.5,0.8,1.93534677254491,6.967248381161676
8,564,23590,1108,80.9588,-67.7935,353.2422,3.4122,18.2947,5.1682,0.0547,0.2559,1.3612,5.1259,-0.6625,0.0939,-1.3818,truck,592,75.6722,-74.9644,0.0076,0.0088,0.0115,0.0012,54.9802,0.011627553482998907,0.04185919253879607,5.286599999999993,7.170900000000003,5.1606,0.045899999999999996,5.160804120483551,8.908981219533464,0,08_564_592_23525_ego_592,1,23525,23525,23534,vehicle_vehicle,0.3394406330054984,2.0610712860884606,1.2080383056262824,12.111757991307456,15.0,3.0,3.5,0.8,1.93534677254491,6.967248381161676
8,592,23590,65,75.6722,-74.9644,54.9802,2.0969,4.6097,0.0076,0.0088,0.0811,0.131,0.0115,0.0012,0.1539,-0.0087,car,592,75.6722,-74.9644,0.0076,0.0088,0.0115,0.0012,54.9802,0.011627553482998907,0.04185919253879607,0.0,0.0,0.0,0.0,0.0,0.0,1,08_564_592_23525_ego_592,1,23525,23525,23534,vehicle_vehicle,0.3394406330054984,2.0610712860884606,1.2080383056262824,12.111757991307456,15.0,3.0,3.5,0.8,1.93534677254491,6.967248381161676
8,564,23591,1109,81.1666,-67.7899,353.8305,3.4122,18.2947,5.1804,0.112,0.2567,1.3734,5.1383,-0.6681,0.1076,-1.393,truck,592,75.6721,-74.9642,0.0112,0.0148,0.0186,0.0007,54.9786,0.01856017241299229,0.06681662068677224,5.494500000000002,7.174300000000002,5.1692,0.09720000000000001,5.170113778245117,9.036598405373564,0,08_564_592_23525_ego_592,1,23525,23525,23534,vehicle_vehicle,0.3394406330054984,2.0610712860884606,1.2080383056262824,12.111757991307456,15.0,3.0,3.5,0.8,1.93534677254491,6.967248381161676
8,592,23591,66,75.6721,-74.9642,54.9786,2.0969,4.6097,0.0112,0.0148,0.083,0.128,0.0186,0.0007,0.1524,-0.0055,car,592,75.6721,-74.9642,0.0112,0.0148,0.0186,0.0007,54.9786,0.01856017241299229,0.06681662068677224,0.0,0.0,0.0,0.0,0.0,0.0,1,08_564_592_23525_ego_592,1,23525,23525,23534,vehicle_vehicle,0.3394406330054984,2.0610712860884606,1.2080383056262824,12.111757991307456,15.0,3.0,3.5,0.8,1.93534677254491,6.967248381161676
8,564,23592,1110,81.3747,-67.7837,354.4217,3.4122,18.2947,5.1923,0.1694,0.2557,1.3829,5.1512,-0.6734,0.1201,-1.4012,truck,592,75.6719,-74.9637,0.0152,0.0209,0.0258,0.0005,54.9802,0.025842793966597343,0.09303405827975043,5.7028000000000105,7.180000000000007,5.1771,0.1485,5.179229350009517,9.169205409412543,0,08_564_592_23525_ego_592,1,23525,23525,23534,vehicle_vehicle,0.3394406330054984,2.0610712860884606,1.2080383056262824,12.111757991307456,15.0,3.0,3.5,0.8,1.93534677254491,6.967248381161676
8,592,23592,67,75.6719,-74.9637,54.9802,2.0969,4.6097,0.0152,0.0209,0.0843,0.124,0.0258,0.0005,0.1499,-0.0022,car,592,75.6719,-74.9637,0.0152,0.0209,0.0258,0.0005,54.9802,0.025842793966597343,0.09303405827975043,0.0,0.0,0.0,0.0,0.0,0.0,1,08_564_592_23525_ego_592,1,23525,23525,23534,vehicle_vehicle,0.3394406330054984,2.0610712860884606,1.2080383056262824,12.111757991307456,15.0,3.0,3.5,0.8,1.93534677254491,6.967248381161676
8,564,23593,1111,81.5834,-67.7753,355.0122,3.4122,18.2947,5.2038,0.2271,0.2533,1.39,5.1644,-0.6787,0.1315,-1.4068,truck,592,75.6718,-74.9627,0.0195,0.0267,0.0331,0.0007,54.9777,0.033062667768950525,0.1190256039682219,5.911599999999993,7.187399999999997,5.1843,0.2004,5.188171802282573,9.3062201413893,0,08_564_592_23525_ego_592,1,23525,23525,23534,vehicle_vehicle,0.3394406330054984,2.0610712860884606,1.2080383056262824,12.111757991307456,15.0,3.0,3.5,0.8,1.93534677254491,6.967248381161676
8,592,23593,68,75.6718,-74.9627,54.9777,2.0969,4.6097,0.0195,0.0267,0.0847,0.1192,0.0331,0.0007,0.1463,0.001,car,592,75.6718,-74.9627,0.0195,0.0267,0.0331,0.0007,54.9777,0.033062667768950525,0.1190256039682219,0.0,0.0,0.0,0.0,0.0,0.0,1,08_564_592_23525_ego_592,1,23525,23525,23534,vehicle_vehicle,0.3394406330054984,2.0610712860884606,1.2080383056262824,12.111757991307456,15.0,3.0,3.5,0.8,1.93534677254491,6.967248381161676
8,564,23594,1112,81.7923,-67.765,355.6026,3.4122,18.2947,5.2151,0.285,0.2496,1.3948,5.1779,-0.684,0.1419,-1.4098,truck,592,75.6726,-74.9615,0.0239,0.0323,0.0402,0.001,54.9676,0.04018084120572888,0.14465102834062396,6.119699999999995,7.1965,5.191199999999999,0.2527,5.197346893367807,9.446710556590581,0,08_564_592_23525_ego_592,1,23525,23525,23534,vehicle_vehicle,0.3394406330054984,2.0610712860884606,1.2080383056262824,12.111757991307456,15.0,3.0,3.5,0.8,1.93534677254491,6.967248381161676
8,592,23594,69,75.6726,-74.9615,54.9676,2.0969,4.6097,0.0239,0.0323,0.0843,0.1135,0.0402,0.001,0.1413,0.0038,car,592,75.6726,-74.9615,0.0239,0.0323,0.0402,0.001,54.9676,0.04018084120572888,0.14465102834062396,0.0,0.0,0.0,0.0,0.0,0.0,1,08_564_592_23525_ego_592,1,23525,23525,23534,vehicle_vehicle,0.3394406330054984,2.0610712860884606,1.2080383056262824,12.111757991307456,15.0,3.0,3.5,0.8,1.93534677254491,6.967248381161676
8,564,23595,1113,82.0019,-67.7523,356.1927,3.4122,18.2947,5.2258,0.343,0.245,1.3973,5.1915,-0.6892,0.1517,-1.4105,truck,592,75.6735,-74.9596,0.0283,0.0376,0.047,0.0016,54.9499,0.047060067998250917,0.1694162447937033,6.328400000000002,7.207299999999989,5.1975,0.3054,5.20646477084019,9.59134087862588,0,08_564_592_23525_ego_592,1,23525,23525,23534,vehicle_vehicle,0.3394406330054984,2.0610712860884606,1.2080383056262824,12.111757991307456,15.0,3.0,3.5,0.8,1.93534677254491,6.967248381161676
8,592,23595,70,75.6735,-74.9596,54.9499,2.0969,4.6097,0.0283,0.0376,0.0828,0.1071,0.047,0.0016,0.1352,0.0063,car,592,75.6735,-74.9596,0.0283,0.0376,0.047,0.0016,54.9499,0.047060067998250917,0.1694162447937033,0.0,0.0,0.0,0.0,0.0,0.0,1,08_564_592_23525_ego_592,1,23525,23525,23534,vehicle_vehicle,0.3394406330054984,2.0610712860884606,1.2080383056262824,12.111757991307456,15.0,3.0,3.5,0.8,1.93534677254491,6.967248381161676
8,564,23596,1114,82.2122,-67.7373,356.7892,3.4122,18.2947,5.2359,0.401,0.2398,1.3977,5.2053,-0.6937,0.1612,-1.4089,truck,592,75.6751,-74.9577,0.0325,0.0424,0.0533,0.0022,54.9239,0.05342293514961528,0.19232256653861501,6.537099999999995,7.220399999999998,5.2034,0.35860000000000003,5.215742087181843,9.740012965597115,0,08_564_592_23525_ego_592,1,23525,23525,23534,vehicle_vehicle,0.3394406330054984,2.0610712860884606,1.2080383056262824,12.111757991307456,15.0,3.0,3.5,0.8,1.93534677254491,6.967248381161676
8,592,23596,71,75.6751,-74.9577,54.9239,2.0969,4.6097,0.0325,0.0424,0.0804,0.1,0.0533,0.0022,0.128,0.0083,car,592,75.6751,-74.9577,0.0325,0.0424,0.0533,0.0022,54.9239,0.05342293514961528,0.19232256653861501,0.0,0.0,0.0,0.0,0.0,0.0,1,08_564_592_23525_ego_592,1,23525,23525,23534,vehicle_vehicle,0.3394406330054984,2.0610712860884606,1.2080383056262824,12.111757991307456,15.0,3.0,3.5,0.8,1.93534677254491,6.967248381161676
8,564,23597,1115,82.423,-67.7202,357.3919,3.4122,18.2947,5.2454,0.4591,0.2346,1.3959,5.2191,-0.6973,0.1708,-1.4051,truck,592,75.6772,-74.9559,0.0362,0.0469,0.0592,0.0027,54.8985,0.05924567494762803,0.21328442981146092,6.745800000000003,7.235699999999994,5.2092,0.4122,5.225483085801733,9.892480585272834,0,08_564_592_23525_ego_592,1,23525,23525,23534,vehicle_vehicle,0.3394406330054984,2.0610712860884606,1.2080383056262824,12.111757991307456,15.0,3.0,3.5,0.8,1.93534677254491,6.967248381161676
8,592,23597,72,75.6772,-74.9559,54.8985,2.0969,4.6097,0.0362,0.0469,0.0773,0.0923,0.0592,0.0027,0.12,0.0101,car,592,75.6772,-74.9559,0.0362,0.0469,0.0592,0.0027,54.8985,0.05924567494762803,0.21328442981146092,0.0,0.0,0.0,0.0,0.0,0.0,1,08_564_592_23525_ego_592,1,23525,23525,23534,vehicle_vehicle,0.3394406330054984,2.0610712860884606,1.2080383056262824,12.111757991307456,15.0,3.0,3.5,0.8,1.93534677254491,6.967248381161676
8,564,23598,1116,82.6344,-67.7008,357.9904,3.4122,18.2947,5.2541,0.5172,0.2297,1.3919,5.2327,-0.7011,0.1808,-1.3991,truck,592,75.6791,-74.9538,0.0397,0.0511,0.0647,0.0031,54.8727,0.06470935017445315,0.23295366062803133,6.955299999999994,7.253,5.2144,0.4661,5.235190213354239,10.04899035177166,0,08_564_592_23525_ego_592,1,23525,23525,23534,vehicle_vehicle,0.3394406330054984,2.0610712860884606,1.2080383056262824,12.111757991307456,15.0,3.0,3.5,0.8,1.93534677254491,6.967248381161676
8,592,23598,73,75.6791,-74.9538,54.8727,2.0969,4.6097,0.0397,0.0511,0.0737,0.0842,0.0647,0.0031,0.1113,0.0118,car,592,75.6791,-74.9538,0.0397,0.0511,0.0647,0.0031,54.8727,0.06470935017445315,0.23295366062803133,0.0,0.0,0.0,0.0,0.0,0.0,1,08_564_592_23525_ego_592,1,23525,23525,23534,vehicle_vehicle,0.3394406330054984,2.0610712860884606,1.2080383056262824,12.111757991307456,15.0,3.0,3.5,0.8,1.93534677254491,6.967248381161676
8,564,23599,1117,82.8453,-67.6789,358.5875,3.4122,18.2947,5.2624,0.575,0.2257,1.3857,5.2466,-0.7045,0.1915,-1.3909,truck,592,75.6809,-74.9513,0.043,0.0548,0.0696,0.0037,54.8496,0.06965658619254894,0.2507637102931762,7.1644000000000005,7.272400000000005,5.2194,0.5202,5.245259230962756,10.20864482289398,0,08_564_592_23525_ego_592,1,23525,23525,23534,vehicle_vehicle,0.3394406330054984,2.0610712860884606,1.2080383056262824,12.111757991307456,15.0,3.0,3.5,0.8,1.93534677254491,6.967248381161676
8,592,23599,74,75.6809,-74.9513,54.8496,2.0969,4.6097,0.043,0.0548,0.0697,0.0757,0.0696,0.0037,0.102,0.0134,car,592,75.6809,-74.9513,0.043,0.0548,0.0696,0.0037,54.8496,0.06965658619254894,0.2507637102931762,0.0,0.0,0.0,0.0,0.0,0.0,1,08_564_592_23525_ego_592,1,23525,23525,23534,vehicle_vehicle,0.3394406330054984,2.0610712860884606,1.2080383056262824,12.111757991307456,15.0,3.0,3.5,0.8,1.93534677254491,6.967248381161676
8,564,23600,1118,83.0564,-67.655,359.179,3.4122,18.2947,5.2703,0.6327,0.2226,1.3773,5.2607,-0.7081,0.2029,-1.3804,truck,592,75.6827,-74.9484,0.0462,0.0578,0.0739,0.0044,54.8368,0.07399513497521305,0.266382485910767,7.3736999999999995,7.293400000000005,5.2241,0.5749000000000001,5.255638003135299,10.371361301680706,0,08_564_592_23525_ego_592,1,23525,23525,23534,vehicle_vehicle,0.3394406330054984,2.0610712860884606,1.2080383056262824,12.111757991307456,15.0,3.0,3.5,0.8,1.93534677254491,6.967248381161676
8,592,23600,75,75.6827,-74.9484,54.8368,2.0969,4.6097,0.0462,0.0578,0.0653,0.067,0.0739,0.0044,0.0924,0.0148,car,592,75.6827,-74.9484,0.0462,0.0578,0.0739,0.0044,54.8368,0.07399513497521305,0.266382485910767,0.0,0.0,0.0,0.0,0.0,0.0,1,08_564_592_23525_ego_592,1,23525,23525,23534,vehicle_vehicle,0.3394406330054984,2.0610712860884606,1.2080383056262824,12.111757991307456,15.0,3.0,3.5,0.8,1.93534677254491,6.967248381161676
